time,open,high,low,close,volume
2026-02-06T20:00:00+00:00,326.6199999999998,328.1599999999998,326.18999999999977,326.7999999999998,1811
2026-02-06T20:30:00+00:00,326.7999999999998,328.0499999999998,326.01999999999975,326.19999999999976,3215
2026-02-09T14:30:00+00:00,326.19999999999976,337.27999999999975,324.57999999999976,330.6099999999998,1865
2026-02-09T15:00:00+00:00,330.6099999999998,335.00999999999976,329.3699999999998,332.87999999999977,1444
2026-02-09T15:30:00+00:00,332.87999999999977,336.88999999999976,332.87999999999977,336.02999999999975,1738
2026-02-09T16:00:00+00:00,336.02999999999975,340.1699999999998,336.00999999999976,340.0999999999998,2301
2026-02-09T16:30:00+00:00,340.0999999999998,342.62999999999977,339.2399999999998,341.2899999999998,2554
2026-02-09T17:00:00+00:00,341.2899999999998,346.1699999999998,341.12999999999977,343.87999999999977,2854
2026-02-09T17:30:00+00:00,343.87999999999977,344.20999999999975,341.7899999999998,342.70999999999975,1965
2026-02-09T18:00:00+00:00,342.70999999999975,343.1099999999998,339.9099999999998,340.46999999999974,1863
2026-02-09T18:30:00+00:00,340.46999999999974,342.01999999999975,339.9899999999998,341.0999999999998,1544
2026-02-09T19:00:00+00:00,341.0999999999998,342.5399999999998,340.6799999999998,341.6699999999998,1401
2026-02-09T19:30:00+00:00,341.6699999999998,342.2899999999998,340.01999999999975,340.1699999999998,1560
2026-02-09T20:00:00+00:00,340.1699999999998,340.50999999999976,338.68999999999977,338.71999999999974,1675
2026-02-09T20:30:00+00:00,338.71999999999974,339.6599999999998,337.4899999999998,337.9099999999998,2842
2026-02-10T14:30:00+00:00,337.9099999999998,341.7299999999998,335.9199999999998,339.20999999999975,1623
2026-02-10T15:00:00+00:00,339.20999999999975,341.3099999999998,338.1699999999998,340.38999999999976,1461
2026-02-10T15:30:00+00:00,340.38999999999976,341.0499999999998,337.07999999999976,337.13999999999976,1410
2026-02-10T16:00:00+00:00,337.13999999999976,338.44999999999976,335.2399999999998,335.3599999999998,1770
2026-02-10T16:30:00+00:00,335.3599999999998,337.1099999999998,334.9799999999998,336.1599999999998,1328
2026-02-10T17:00:00+00:00,336.1599999999998,337.7999999999998,335.70999999999975,336.88999999999976,976
2026-02-10T17:30:00+00:00,336.88999999999976,337.12999999999977,335.87999999999977,336.6699999999998,770
2026-02-10T18:00:00+00:00,336.6699999999998,337.14999999999975,335.64999999999975,335.6699999999998,1057
2026-02-10T18:30:00+00:00,335.6699999999998,336.81999999999977,335.38999999999976,336.7299999999998,854
2026-02-10T19:00:00+00:00,336.7299999999998,336.9199999999998,335.38999999999976,335.77999999999975,1034
2026-02-10T19:30:00+00:00,335.77999999999975,336.4899999999998,335.1199999999998,336.2399999999998,1189
2026-02-10T20:00:00+00:00,336.2399999999998,336.38999999999976,334.4099999999998,334.6199999999998,1170
2026-02-10T20:30:00+00:00,334.6199999999998,334.9099999999998,333.57999999999976,334.3699999999998,2420
2026-02-11T14:30:00+00:00,334.3699999999998,340.0599999999998,333.81999999999977,334.2999999999998,1122
2026-02-11T15:00:00+00:00,334.2999999999998,334.9099999999998,327.50999999999976,328.26999999999975,2162
2026-02-11T15:30:00+00:00,328.26999999999975,333.13999999999976,327.9099999999998,332.87999999999977,1441
2026-02-11T16:00:00+00:00,332.87999999999977,333.3499999999998,330.7399999999998,330.76999999999975,955
2026-02-11T16:30:00+00:00,330.76999999999975,332.7299999999998,330.26999999999975,332.1799999999998,808
2026-02-11T17:00:00+00:00,332.1799999999998,336.26999999999975,331.4199999999998,336.07999999999976,1279
2026-02-11T17:30:00+00:00,336.07999999999976,336.2399999999998,334.5399999999998,334.9999999999998,859
2026-02-11T18:00:00+00:00,334.9999999999998,336.13999999999976,334.3699999999998,335.63999999999976,850
2026-02-11T18:30:00+00:00,335.63999999999976,337.31999999999977,333.93999999999977,336.88999999999976,1137
2026-02-11T19:00:00+00:00,336.88999999999976,337.8099999999998,335.82999999999976,337.6099999999998,1183
2026-02-11T19:30:00+00:00,337.6099999999998,338.7999999999998,336.88999999999976,337.2299999999998,1289
2026-02-11T20:00:00+00:00,337.2299999999998,337.69999999999976,335.9799999999998,336.08999999999975,1184
2026-02-11T20:30:00+00:00,336.08999999999975,337.00999999999976,335.46999999999974,336.3099999999998,2229
2026-02-12T14:30:00+00:00,336.3099999999998,339.9799999999998,332.0499999999998,332.5499999999998,1051
2026-02-12T15:00:00+00:00,332.5499999999998,334.2399999999998,331.18999999999977,333.5999999999998,1598
2026-02-12T15:30:00+00:00,333.5999999999998,333.87999999999977,329.9999999999998,330.3499999999998,1730
2026-02-12T16:00:00+00:00,330.3499999999998,331.0599999999998,326.6199999999998,327.0999999999998,2060
2026-02-12T16:30:00+00:00,327.0999999999998,330.14999999999975,326.6699999999998,329.1199999999998,1261
2026-02-12T17:00:00+00:00,329.1199999999998,330.0499999999998,327.19999999999976,328.68999999999977,1172
2026-02-12T17:30:00+00:00,328.68999999999977,329.76999999999975,327.6699999999998,327.71999999999974,1197
2026-02-12T18:00:00+00:00,327.71999999999974,328.96999999999974,326.20999999999975,326.69999999999976,1672
2026-02-12T18:30:00+00:00,326.69999999999976,328.5999999999998,326.12999999999977,327.6099999999998,1185
2026-02-12T19:00:00+00:00,327.6099999999998,328.38999999999976,326.64999999999975,326.94999999999976,1339
2026-02-12T19:30:00+00:00,326.94999999999976,328.6799999999998,326.18999999999977,326.7299999999998,1566
2026-02-12T20:00:00+00:00,326.7299999999998,327.25999999999976,324.14999999999975,324.2399999999998,1793
2026-02-12T20:30:00+00:00,324.2399999999998,325.69999999999976,323.4199999999998,325.0599999999998,3169
2026-02-13T14:30:00+00:00,325.0599999999998,327.96999999999974,319.9299999999998,321.8699999999998,718
2026-02-13T15:00:00+00:00,321.8699999999998,323.4199999999998,320.38999999999976,322.5999999999998,728
2026-02-13T15:30:00+00:00,322.5999999999998,324.63999999999976,319.1799999999998,322.3599999999998,1049
2026-02-13T16:00:00+00:00,322.3599999999998,323.9199999999998,320.9999999999998,322.2999999999998,832
2026-02-13T16:30:00+00:00,322.2999999999998,323.8499999999998,320.7499999999998,322.64999999999975,770
2026-02-13T17:00:00+00:00,322.64999999999975,325.07999999999976,322.2499999999998,324.5399999999998,1009
2026-02-13T17:30:00+00:00,324.5399999999998,324.9199999999998,322.8699999999998,322.89999999999975,872
2026-02-13T18:00:00+00:00,322.89999999999975,323.70999999999975,321.87999999999977,322.4899999999998,1134
2026-02-13T18:30:00+00:00,322.4899999999998,323.1699999999998,320.82999999999976,321.4899999999998,1466
2026-02-13T19:00:00+00:00,321.4899999999998,321.70999999999975,320.1699999999998,320.56999999999977,1561
2026-02-13T19:30:00+00:00,320.56999999999977,321.37999999999977,319.7899999999998,320.4999999999998,1616
2026-02-13T20:00:00+00:00,320.4999999999998,322.26999999999975,319.82999999999976,319.88999999999976,1476
2026-02-13T20:30:00+00:00,319.88999999999976,320.4299999999998,318.4899999999998,319.27999999999975,2945
2026-02-17T14:30:00+00:00,319.27999999999975,319.58999999999975,310.56999999999977,310.71999999999974,1126
2026-02-17T15:00:00+00:00,310.71999999999974,319.75999999999976,310.1799999999998,318.02999999999975,1434
2026-02-17T15:30:00+00:00,318.02999999999975,321.81999999999977,316.70999999999975,320.93999999999977,1221
2026-02-17T16:00:00+00:00,320.93999999999977,325.0599999999998,320.8699999999998,324.14999999999975,1920
2026-02-17T16:30:00+00:00,324.14999999999975,326.6799999999998,323.39999999999975,325.7499999999998,1572
2026-02-17T17:00:00+00:00,325.7499999999998,326.25999999999976,324.26999999999975,325.52999999999975,1452
2026-02-17T17:30:00+00:00,325.52999999999975,325.8599999999998,322.64999999999975,324.5399999999998,1050
2026-02-17T18:00:00+00:00,324.5399999999998,326.0399999999998,323.00999999999976,325.8499999999998,1086
2026-02-17T18:30:00+00:00,325.8499999999998,327.32999999999976,325.56999999999977,326.4899999999998,1308
2026-02-17T19:00:00+00:00,326.4899999999998,328.06999999999977,325.77999999999975,327.0999999999998,1262
2026-02-17T19:30:00+00:00,327.0999999999998,329.57999999999976,327.0999999999998,327.37999999999977,1342
2026-02-17T20:00:00+00:00,327.37999999999977,328.06999999999977,326.8099999999998,327.4199999999998,1405
2026-02-17T20:30:00+00:00,327.4199999999998,329.0999999999998,325.7299999999998,326.50999999999976,2640
2026-02-18T14:30:00+00:00,326.50999999999976,327.4799999999998,321.37999999999977,326.6799999999998,814
2026-02-18T15:00:00+00:00,326.6799999999998,330.07999999999976,326.3699999999998,329.5599999999998,1224
2026-02-18T15:30:00+00:00,329.5599999999998,331.62999999999977,327.96999999999974,331.1599999999998,1173
2026-02-18T16:00:00+00:00,331.1599999999998,331.3099999999998,329.32999999999976,330.44999999999976,1063
2026-02-18T16:30:00+00:00,330.44999999999976,330.89999999999975,328.8699999999998,329.0999999999998,903
2026-02-18T17:00:00+00:00,329.0999999999998,330.4099999999998,328.87999999999977,329.13999999999976,906
2026-02-18T17:30:00+00:00,329.13999999999976,329.3699999999998,328.27999999999975,328.87999999999977,998
2026-02-18T18:00:00+00:00,328.87999999999977,329.7499999999998,328.63999999999976,329.00999999999976,839
2026-02-18T18:30:00+00:00,329.00999999999976,329.7499999999998,327.9899999999998,329.3099999999998,872
2026-02-18T19:00:00+00:00,329.3099999999998,329.3599999999998,327.8099999999998,327.9199999999998,908
2026-02-18T19:30:00+00:00,327.9199999999998,328.1599999999998,325.07999999999976,325.4099999999998,1023
2026-02-18T20:00:00+00:00,325.4099999999998,326.88999999999976,325.1199999999998,325.8099999999998,1096
2026-02-18T20:30:00+00:00,325.8099999999998,328.5899999999998,325.63999999999976,327.2199999999998,2009
2026-02-19T14:30:00+00:00,327.2199999999998,330.2699999999998,323.6499999999998,329.93999999999977,996
2026-02-19T15:00:00+00:00,329.93999999999977,332.0599999999998,327.7799999999998,328.4199999999998,1186
2026-02-19T15:30:00+00:00,328.4199999999998,331.5399999999998,327.8899999999998,331.5299999999998,1297
2026-02-19T16:00:00+00:00,331.5299999999998,332.36999999999983,330.0899999999998,330.6799999999998,1197
2026-02-19T16:30:00+00:00,330.6799999999998,331.3199999999998,328.4799999999998,328.7099999999998,1045
2026-02-19T17:00:00+00:00,328.7099999999998,331.0699999999998,328.0999999999998,330.6399999999998,1026
2026-02-19T17:30:00+00:00,330.6399999999998,331.1599999999998,328.6899999999998,328.9899999999998,899
2026-02-19T18:00:00+00:00,328.9899999999998,330.4099999999998,328.7999999999998,329.7999999999998,957
2026-02-19T18:30:00+00:00,329.7999999999998,330.0799999999998,327.4099999999998,327.8499999999998,958
2026-02-19T19:00:00+00:00,327.8499999999998,328.4799999999998,326.6999999999998,326.8599999999998,918
2026-02-19T19:30:00+00:00,326.8599999999998,327.61999999999983,326.2399999999998,326.7199999999998,1100
2026-02-19T20:00:00+00:00,326.7199999999998,327.7799999999998,324.5499999999998,325.4899999999998,1190
2026-02-19T20:30:00+00:00,325.4899999999998,328.3899999999998,325.4199999999998,327.99999999999983,1752
2026-02-20T14:30:00+00:00,327.99999999999983,333.4799999999998,323.5899999999998,330.7799999999998,1021
2026-02-20T15:00:00+00:00,330.7799999999998,334.0999999999998,326.0899999999998,329.36999999999983,1110
2026-02-20T15:30:00+00:00,329.36999999999983,332.2199999999998,327.1799999999998,331.8799999999998,925
2026-02-20T16:00:00+00:00,331.8799999999998,332.3999999999998,327.9599999999998,328.5399999999998,1004
2026-02-20T16:30:00+00:00,328.5399999999998,331.6999999999998,328.2699999999998,329.5099999999998,792
2026-02-20T17:00:00+00:00,329.5099999999998,329.7899999999998,325.4899999999998,326.3999999999998,928
2026-02-20T17:30:00+00:00,326.3999999999998,329.1399999999998,326.0499999999998,328.9799999999998,643
2026-02-20T18:00:00+00:00,328.9799999999998,329.2399999999998,326.7299999999998,326.9699999999998,655
2026-02-20T18:30:00+00:00,326.9699999999998,329.5399999999998,326.2399999999998,328.0299999999998,592
2026-02-20T19:00:00+00:00,328.0299999999998,328.9199999999998,327.5099999999998,328.2099999999998,887
2026-02-20T19:30:00+00:00,328.2099999999998,328.2699999999998,326.5299999999998,326.5899999999998,991
2026-02-20T20:00:00+00:00,326.5899999999998,327.6599999999998,326.5099999999998,326.6899999999998,1336
2026-02-20T20:30:00+00:00,326.6899999999998,327.0399999999998,325.3699999999998,327.0299999999998,2109
2026-02-23T14:30:00+00:00,327.0299999999998,332.5999999999998,326.4799999999998,330.8399999999998,964
2026-02-23T15:00:00+00:00,330.8399999999998,331.8299999999998,328.6499999999998,329.5999999999998,1026
2026-02-23T15:30:00+00:00,329.5999999999998,330.4399999999998,325.2099999999998,325.2299999999998,1283
2026-02-23T16:00:00+00:00,325.2299999999998,326.7999999999998,324.6799999999998,326.6199999999998,1458
2026-02-23T16:30:00+00:00,326.6199999999998,327.9799999999998,325.2199999999998,325.5399999999998,947
2026-02-23T17:00:00+00:00,325.5399999999998,326.3199999999998,325.1499999999998,325.8699999999998,817
2026-02-23T17:30:00+00:00,325.8699999999998,326.0299999999998,323.6099999999998,324.2999999999998,1283
2026-02-23T18:00:00+00:00,324.2999999999998,326.3399999999998,324.0099999999998,325.8099999999998,1171
2026-02-23T18:30:00+00:00,325.8099999999998,325.8299999999998,322.5299999999998,322.5699999999998,1061
2026-02-23T19:00:00+00:00,322.5699999999998,322.8499999999998,319.9599999999998,320.0399999999998,1891
2026-02-23T19:30:00+00:00,320.0399999999998,320.9699999999998,319.4699999999998,320.4199999999998,1453
2026-02-23T20:00:00+00:00,320.4199999999998,322.4599999999998,320.3199999999998,322.0899999999998,1047
2026-02-23T20:30:00+00:00,322.0899999999998,324.6699999999998,322.0599999999998,324.5699999999998,2084
2026-02-24T14:30:00+00:00,324.5699999999998,324.5699999999998,308.7099999999998,315.2399999999998,1307
2026-02-24T15:00:00+00:00,315.2399999999998,319.6199999999998,314.3699999999998,318.9099999999998,1280
2026-02-24T15:30:00+00:00,318.9099999999998,321.3299999999998,317.7099999999998,318.1299999999998,913.4586214121098
2026-02-24T16:00:00+00:00,318.1299999999998,320.1299999999998,318.09999999999985,318.97999999999985,1044
2026-02-24T16:30:00+00:00,318.97999999999985,321.6999999999998,318.16999999999985,320.9499999999998,1275
2026-02-24T17:00:00+00:00,320.9499999999998,322.55999999999983,320.79999999999984,321.78999999999985,1356
2026-02-24T17:30:00+00:00,321.78999999999985,322.41999999999985,320.82999999999987,320.84999999999985,1086
2026-02-24T18:00:00+00:00,320.84999999999985,321.15999999999985,317.60999999999984,317.60999999999984,1338
2026-02-24T18:30:00+00:00,317.60999999999984,319.20999999999987,317.49999999999983,318.99999999999983,1398
2026-02-24T19:00:00+00:00,318.99999999999983,319.6899999999998,317.99999999999983,318.28999999999985,1528
2026-02-24T19:30:00+00:00,318.28999999999985,319.3899999999998,317.96999999999986,318.15999999999985,1397
2026-02-24T20:00:00+00:00,318.15999999999985,318.61999999999983,316.3799999999998,317.96999999999986,1412
2026-02-24T20:30:00+00:00,317.96999999999986,319.8899999999998,317.85999999999984,319.78999999999985,1997
2026-02-25T14:30:00+00:00,319.78999999999985,330.11999999999983,319.78999999999985,329.51999999999987,1507
2026-02-25T15:00:00+00:00,329.51999999999987,329.8199999999998,326.14999999999986,326.91999999999985,1444
2026-02-25T15:30:00+00:00,326.91999999999985,327.16999999999985,324.3899999999998,325.45999999999987,1547
2026-02-25T16:00:00+00:00,325.45999999999987,325.80999999999983,323.54999999999984,324.9499999999998,1370
2026-02-25T16:30:00+00:00,324.9499999999998,326.10999999999984,324.28999999999985,325.29999999999984,1083
2026-02-25T17:00:00+00:00,325.29999999999984,326.84999999999985,325.03999999999985,325.84999999999985,1111
2026-02-25T17:30:00+00:00,325.84999999999985,326.6899999999998,325.29999999999984,326.49999999999983,1032
2026-02-25T18:00:00+00:00,326.49999999999983,327.58999999999986,325.83999999999986,326.60999999999984,1077
2026-02-25T18:30:00+00:00,326.60999999999984,328.8199999999998,326.48999999999984,328.6299999999998,1201
2026-02-25T19:00:00+00:00,328.6299999999998,330.1299999999998,328.51999999999987,329.3199999999998,1401
2026-02-25T19:30:00+00:00,329.3199999999998,329.82999999999987,327.72999999999985,327.96999999999986,1434
2026-02-25T20:00:00+00:00,327.96999999999986,328.79999999999984,327.30999999999983,327.3199999999998,1579
2026-02-25T20:30:00+00:00,327.3199999999998,327.45999999999987,325.09999999999985,326.58999999999986,2566
2026-02-26T14:30:00+00:00,326.58999999999986,326.58999999999986,310.08999999999986,310.61999999999983,2679
2026-02-26T15:00:00+00:00,310.61999999999983,311.8199999999998,303.48999999999984,304.48999999999984,3572
2026-02-26T15:30:00+00:00,304.48999999999984,305.67999999999984,302.22999999999985,303.97999999999985,2882
2026-02-26T16:00:00+00:00,303.97999999999985,309.22999999999985,303.9499999999998,308.99999999999983,2573
2026-02-26T16:30:00+00:00,308.99999999999983,309.41999999999985,306.08999999999986,306.66999999999985,1751
2026-02-26T17:00:00+00:00,306.66999999999985,308.23999999999984,306.64999999999986,307.89999999999986,1377
2026-02-26T17:30:00+00:00,307.89999999999986,308.76999999999987,306.0699999999998,306.20999999999987,1657
2026-02-26T18:00:00+00:00,306.20999999999987,306.26999999999987,304.10999999999984,304.6899999999998,1833
2026-02-26T18:30:00+00:00,304.6899999999998,307.95999999999987,304.59999999999985,307.1599999999998,1445.8251069149987
2026-02-26T19:00:00+00:00,307.1599999999998,311.3799999999997,307.0999999999998,310.9499999999997,1581.805091979861
2026-02-26T19:30:00+00:00,310.9499999999997,313.58999999999963,310.9499999999997,312.46999999999963,1478.7218725489906
2026-02-26T20:00:00+00:00,312.46999999999963,314.0599999999997,312.26999999999964,313.7699999999997,1588.0087991407152
2026-02-26T20:30:00+00:00,313.7699999999997,318.71999999999974,313.7699999999997,317.7499999999997,2926
2026-02-27T14:30:00+00:00,317.7499999999997,317.7499999999997,306.1199999999997,312.40999999999974,1466
2026-02-27T15:00:00+00:00,312.40999999999974,315.5099999999997,312.0899999999997,314.7399999999997,1559
2026-02-27T15:30:00+00:00,314.7399999999997,315.8099999999997,312.7399999999997,314.7299999999997,1308.503605313093
2026-02-27T16:00:00+00:00,314.7299999999997,315.30999999999966,313.48999999999967,313.8499999999997,1069
2026-02-27T16:30:00+00:00,313.8499999999997,314.7799999999997,312.9199999999997,314.0299999999997,1230
2026-02-27T17:00:00+00:00,314.0299999999997,315.0399999999997,313.49999999999966,314.2799999999997,1301
2026-02-27T17:30:00+00:00,314.2799999999997,315.5199999999997,313.79999999999967,314.7799999999997,1464
2026-02-27T18:00:00+00:00,314.7799999999997,314.94999999999965,312.7299999999997,313.43999999999966,1122
2026-02-27T18:30:00+00:00,313.43999999999966,313.6499999999997,312.30999999999966,313.2199999999997,1090
2026-02-27T19:00:00+00:00,313.2199999999997,314.23999999999967,312.98999999999967,313.73999999999967,1222
2026-02-27T19:30:00+00:00,313.73999999999967,313.82999999999964,312.9099999999997,313.37999999999965,1174
2026-02-27T20:00:00+00:00,313.37999999999965,315.73999999999967,313.25999999999965,315.2099999999997,1458
2026-02-27T20:30:00+00:00,315.2099999999997,316.1599999999997,314.73999999999967,315.94999999999965,2367
2026-03-02T14:30:00+00:00,315.94999999999965,323.50999999999965,313.63999999999965,319.2899999999997,2246
2026-03-02T15:00:00+00:00,319.2899999999997,322.51999999999964,318.69999999999965,318.87999999999965,2316
2026-03-02T15:30:00+00:00,318.87999999999965,322.62999999999965,318.08999999999963,321.07999999999964,1952
2026-03-02T16:00:00+00:00,321.07999999999964,322.38999999999965,320.18999999999966,320.58999999999963,1937
2026-03-02T16:30:00+00:00,320.58999999999963,323.7899999999997,320.24999999999966,322.2299999999997,1929
2026-03-02T17:00:00+00:00,322.2299999999997,323.7899999999997,321.24999999999966,323.07999999999964,1455
2026-03-02T17:30:00+00:00,323.07999999999964,323.45999999999964,321.7899999999997,322.87999999999965,1028
2026-03-02T18:00:00+00:00,322.87999999999965,323.33999999999963,320.89999999999964,320.9099999999997,1100
2026-03-02T18:30:00+00:00,320.9099999999997,321.81999999999965,320.83999999999963,320.95999999999964,1160
2026-03-02T19:00:00+00:00,320.95999999999964,323.9799999999997,320.93999999999966,323.48999999999967,1417
2026-03-02T19:30:00+00:00,323.48999999999967,324.1099999999997,323.1099999999997,323.63999999999965,1239
2026-03-02T20:00:00+00:00,323.63999999999965,323.75999999999965,321.7899999999997,323.13999999999965,1722
2026-03-02T20:30:00+00:00,323.13999999999965,326.49999999999966,322.98999999999967,325.64999999999964,2520
2026-03-03T14:30:00+00:00,325.64999999999964,325.64999999999964,313.9199999999997,319.01999999999964,2120
2026-03-03T15:00:00+00:00,319.01999999999964,320.6099999999997,315.62999999999965,315.68999999999966,2531
2026-03-03T15:30:00+00:00,315.68999999999966,317.49999999999966,314.6099999999997,315.51999999999964,2336
2026-03-03T16:00:00+00:00,315.51999999999964,319.23999999999967,315.33999999999963,318.11999999999966,2221
2026-03-03T16:30:00+00:00,318.11999999999966,322.30999999999966,316.76999999999964,320.5399999999997,1725
2026-03-03T17:00:00+00:00,320.5399999999997,322.0999999999997,319.5399999999997,321.9099999999997,1348
2026-03-03T17:30:00+00:00,321.9099999999997,322.06999999999965,318.67999999999967,319.45999999999964,1279
2026-03-03T18:00:00+00:00,319.45999999999964,321.39999999999964,319.4099999999997,320.32999999999964,1240
2026-03-03T18:30:00+00:00,320.32999999999964,321.98999999999967,320.07999999999964,320.67999999999967,1467
2026-03-03T19:00:00+00:00,320.67999999999967,321.3599999999997,319.13999999999965,319.4199999999997,1311
2026-03-03T19:30:00+00:00,319.4199999999997,321.31999999999965,318.68999999999966,320.49999999999966,1425
2026-03-03T20:00:00+00:00,320.49999999999966,321.31999999999965,319.79999999999967,320.67999999999967,1526
2026-03-03T20:30:00+00:00,320.67999999999967,321.12999999999965,319.48999999999967,320.4099999999997,2341
2026-03-04T14:30:00+00:00,320.4099999999997,323.9799999999997,318.36999999999966,323.89999999999964,1695
2026-03-04T15:00:00+00:00,323.89999999999964,328.95999999999964,323.76999999999964,328.4099999999997,3338
2026-03-04T15:30:00+00:00,328.4099999999997,328.99999999999966,326.5999999999997,328.14999999999964,2364
2026-03-04T16:00:00+00:00,328.14999999999964,328.6099999999997,325.3599999999997,326.8599999999997,2200
2026-03-04T16:30:00+00:00,326.8599999999997,327.2799999999997,325.25999999999965,325.76999999999964,1712
2026-03-04T17:00:00+00:00,325.76999999999964,327.14999999999964,325.68999999999966,326.63999999999965,1466
2026-03-04T17:30:00+00:00,326.63999999999965,328.1099999999997,325.80999999999966,327.1099999999997,1632
2026-03-04T18:00:00+00:00,327.1099999999997,328.07999999999964,326.38999999999965,326.70999999999964,1297
2026-03-04T18:30:00+00:00,326.70999999999964,327.54999999999967,326.2899999999997,327.54999999999967,1562
2026-03-04T19:00:00+00:00,327.54999999999967,328.31999999999965,327.43999999999966,328.0999999999997,1791
2026-03-04T19:30:00+00:00,328.0999999999997,328.31999999999965,326.6099999999997,326.69999999999965,1953
2026-03-04T20:00:00+00:00,326.69999999999965,327.6699999999997,325.25999999999965,325.95999999999964,2083
2026-03-04T20:30:00+00:00,325.95999999999964,326.1599999999997,323.06999999999965,323.94999999999965,3868
2026-03-05T14:30:00+00:00,323.94999999999965,339.30999999999966,323.94999999999965,338.68999999999966,5121
2026-03-05T15:00:00+00:00,338.68999999999966,342.58999999999963,333.73999999999967,334.01999999999964,6006
2026-03-05T15:30:00+00:00,334.01999999999964,340.24999999999966,332.7899999999997,339.99999999999966,4606
2026-03-05T16:00:00+00:00,339.99999999999966,341.7299999999997,337.82999999999964,338.5999999999997,4177
2026-03-05T16:30:00+00:00,338.5999999999997,342.1699999999997,338.5999999999997,341.51999999999964,3619
2026-03-05T17:00:00+00:00,341.51999999999964,342.18999999999966,338.74999999999966,340.00999999999965,3250
2026-03-05T17:30:00+00:00,340.00999999999965,340.49999999999966,334.76999999999964,336.36999999999966,3835
2026-03-05T18:00:00+00:00,336.36999999999966,338.45999999999964,333.37999999999965,333.87999999999965,2953
2026-03-05T18:30:00+00:00,333.87999999999965,335.81999999999965,332.63999999999965,334.37999999999965,3201
2026-03-05T19:00:00+00:00,334.37999999999965,336.14999999999964,332.2899999999997,333.49999999999966,3499
2026-03-05T19:30:00+00:00,333.49999999999966,334.3499999999997,331.88999999999965,332.11999999999966,3356
2026-03-05T20:00:00+00:00,332.11999999999966,335.94999999999965,330.7899999999997,334.56999999999965,4369
2026-03-05T20:30:00+00:00,334.56999999999965,339.69999999999965,334.25999999999965,339.19999999999965,4960
2026-03-06T14:30:00+00:00,339.19999999999965,343.38999999999965,334.00999999999965,340.49999999999966,1952
2026-03-06T15:00:00+00:00,340.49999999999966,346.05999999999966,340.48999999999967,343.45999999999964,2845
2026-03-06T15:30:00+00:00,343.45999999999964,346.05999999999966,341.6599999999997,342.94999999999965,2364
2026-03-06T16:00:00+00:00,342.94999999999965,344.1699999999997,341.4199999999997,343.49999999999966,1743
2026-03-06T16:30:00+00:00,343.49999999999966,348.9099999999997,343.2899999999997,348.61999999999966,2882
2026-03-06T17:00:00+00:00,348.61999999999966,349.9699999999997,345.05999999999966,345.17999999999967,2436
2026-03-06T17:30:00+00:00,345.17999999999967,346.82999999999964,343.0999999999997,345.74999999999966,2040
2026-03-06T18:00:00+00:00,345.74999999999966,347.92999999999967,344.67999999999967,346.4699999999997,1770
2026-03-06T18:30:00+00:00,346.4699999999997,347.13999999999965,345.58999999999963,346.58999999999963,1660
2026-03-06T19:00:00+00:00,346.58999999999963,347.74999999999966,345.0399999999997,345.87999999999965,1995
2026-03-06T19:30:00+00:00,345.87999999999965,346.14999999999964,343.08999999999963,343.13999999999965,2039
2026-03-06T20:00:00+00:00,343.13999999999965,344.12999999999965,335.58999999999963,335.6599999999997,2579
2026-03-06T20:30:00+00:00,335.6599999999997,338.31999999999965,334.88999999999965,337.24999999999966,3397
2026-03-09T13:30:00+00:00,337.24999999999966,339.1599999999997,330.24999999999966,338.0999999999997,1575
2026-03-09T14:00:00+00:00,338.0999999999997,345.14999999999964,337.26999999999964,343.62999999999965,2727
2026-03-09T14:30:00+00:00,343.62999999999965,347.2799999999997,342.00999999999965,345.39999999999964,2961
2026-03-09T15:00:00+00:00,345.39999999999964,348.26999999999964,344.69999999999965,348.25999999999965,2306
2026-03-09T15:30:00+00:00,348.25999999999965,349.51999999999964,347.00999999999965,349.42999999999967,2517
2026-03-09T16:00:00+00:00,349.42999999999967,352.26999999999964,347.99999999999966,351.45999999999964,2516
2026-03-09T16:30:00+00:00,351.45999999999964,353.07999999999964,350.00999999999965,352.68999999999966,2349
2026-03-09T17:00:00+00:00,352.68999999999966,352.83999999999963,348.07999999999964,348.25999999999965,2147
2026-03-09T17:30:00+00:00,348.25999999999965,349.83999999999963,347.3499999999997,349.4799999999997,1988
2026-03-09T18:00:00+00:00,349.4799999999997,351.76999999999964,349.31999999999965,350.23999999999967,2158
2026-03-09T18:30:00+00:00,350.23999999999967,350.5299999999997,348.07999999999964,348.08999999999963,2030
2026-03-09T19:00:00+00:00,348.08999999999963,353.67999999999967,347.80999999999966,353.2899999999997,2241
2026-03-09T19:30:00+00:00,353.2899999999997,354.89999999999964,350.89999999999964,351.86999999999966,4348
2026-03-10T13:30:00+00:00,351.86999999999966,359.48999999999967,351.86999999999966,356.99999999999966,1937
2026-03-10T14:00:00+00:00,356.99999999999966,357.38999999999965,354.1099999999997,355.23999999999967,1733
2026-03-10T14:30:00+00:00,355.23999999999967,357.7199999999997,354.11999999999966,355.37999999999965,1991
2026-03-10T15:00:00+00:00,355.37999999999965,357.06999999999965,353.1099999999997,353.4199999999997,1939
2026-03-10T15:30:00+00:00,353.4199999999997,354.26999999999964,352.82999999999964,353.5399999999997,1431
2026-03-10T16:00:00+00:00,353.5399999999997,353.79999999999967,351.64999999999964,353.07999999999964,1557
2026-03-10T16:30:00+00:00,353.07999999999964,354.24999999999966,352.48999999999967,353.50999999999965,1285
2026-03-10T17:00:00+00:00,353.50999999999965,354.80999999999966,353.18999999999966,354.06999999999965,1475
2026-03-10T17:30:00+00:00,354.06999999999965,354.24999999999966,351.80999999999966,352.08999999999963,1773
2026-03-10T18:00:00+00:00,352.08999999999963,352.56999999999965,348.49999999999966,350.2199999999997,2021
2026-03-10T18:30:00+00:00,350.2199999999997,350.6099999999997,348.38999999999965,348.7199999999997,1637
2026-03-10T19:00:00+00:00,348.7199999999997,349.8599999999997,347.2899999999997,348.9099999999997,1855
2026-03-10T19:30:00+00:00,348.9099999999997,349.32999999999964,347.29999999999967,349.2899999999997,3057
2026-03-11T13:30:00+00:00,349.2899999999997,351.8399999999997,347.9799999999997,351.0399999999997,1193
2026-03-11T14:00:00+00:00,351.0399999999997,352.98999999999967,348.75999999999965,350.48999999999967,1470
2026-03-11T14:30:00+00:00,350.48999999999967,350.50999999999965,347.99999999999966,349.93999999999966,1455
2026-03-11T15:00:00+00:00,349.93999999999966,351.00999999999965,348.42999999999967,348.42999999999967,1332
2026-03-11T15:30:00+00:00,348.42999999999967,349.0899999999997,347.2099999999997,348.11999999999966,1684
2026-03-11T16:00:00+00:00,348.11999999999966,348.1499999999997,346.4099999999997,347.30999999999966,1728
2026-03-11T16:30:00+00:00,347.30999999999966,349.9199999999997,347.23999999999967,349.37999999999965,1328
2026-03-11T17:00:00+00:00,349.37999999999965,350.07999999999964,347.62999999999965,347.99999999999966,1098
2026-03-11T17:30:00+00:00,347.99999999999966,348.2699999999997,345.4699999999997,347.37999999999965,1401
2026-03-11T18:00:00+00:00,347.37999999999965,347.4799999999997,345.61999999999966,346.04999999999967,1262
2026-03-11T18:30:00+00:00,346.04999999999967,347.8499999999997,345.9799999999997,347.7099999999997,1249
2026-03-11T19:00:00+00:00,347.7099999999997,348.11999999999966,346.92999999999967,347.4699999999997,1313
2026-03-11T19:30:00+00:00,347.4699999999997,348.98999999999967,347.12999999999965,348.55999999999966,2173
2026-03-12T13:30:00+00:00,348.55999999999966,348.55999999999966,339.43999999999966,340.1499999999997,2492
2026-03-12T14:00:00+00:00,340.1499999999997,343.2299999999997,340.06999999999965,341.8599999999997,1806
2026-03-12T14:30:00+00:00,341.8599999999997,342.1599999999997,339.43999999999966,340.5399999999997,1801
2026-03-12T15:00:00+00:00,340.5399999999997,343.11999999999966,339.9699999999997,342.6499999999997,1674
2026-03-12T15:30:00+00:00,342.6499999999997,344.63999999999965,341.7799999999997,343.24999999999966,1658
2026-03-12T16:00:00+00:00,343.24999999999966,345.3399999999997,341.8599999999997,343.5199999999997,1670
2026-03-12T16:30:00+00:00,343.5199999999997,345.98999999999967,343.44999999999965,344.8999999999997,1545
2026-03-12T17:00:00+00:00,344.8999999999997,346.98999999999967,344.2299999999997,344.67999999999967,1496
2026-03-12T17:30:00+00:00,344.67999999999967,345.87999999999965,343.6599999999997,344.3599999999997,1554
2026-03-12T18:00:00+00:00,344.3599999999997,345.38999999999965,343.62999999999965,345.0899999999997,1650
2026-03-12T18:30:00+00:00,345.0899999999997,345.2099999999997,343.00999999999965,343.2099999999997,1609
2026-03-12T19:00:00+00:00,343.2099999999997,344.1499999999997,342.3399999999997,343.6599999999997,1905
2026-03-12T19:30:00+00:00,343.6599999999997,344.5399999999997,341.92999999999967,343.1699999999997,2562
2026-03-13T13:30:00+00:00,343.1699999999997,345.5199999999997,338.73999999999967,343.00999999999965,1976
2026-03-13T14:00:00+00:00,343.00999999999965,343.6099999999997,339.5399999999997,340.74999999999966,2625
2026-03-13T14:30:00+00:00,340.74999999999966,342.2299999999997,333.99999999999966,334.23999999999967,3069
2026-03-13T15:00:00+00:00,334.23999999999967,336.2899999999997,332.6699999999997,333.49999999999966,2898
2026-03-13T15:30:00+00:00,333.49999999999966,333.56999999999965,330.12999999999965,330.2899999999997,2980
2026-03-13T16:00:00+00:00,330.2899999999997,332.99999999999966,330.2799999999997,331.4199999999997,2338
2026-03-13T16:30:00+00:00,331.4199999999997,333.11999999999966,330.5299999999997,330.81999999999965,2242
2026-03-13T17:00:00+00:00,330.81999999999965,332.3599999999997,330.2799999999997,331.92999999999967,1799
2026-03-13T17:30:00+00:00,331.92999999999967,332.4599999999997,329.1599999999997,329.62999999999965,2379
2026-03-13T18:00:00+00:00,329.62999999999965,331.32999999999964,329.42999999999967,331.2199999999997,1828
2026-03-13T18:30:00+00:00,331.2199999999997,332.30999999999966,330.88999999999965,331.8999999999997,1705
2026-03-13T19:00:00+00:00,331.8999999999997,332.1099999999997,329.2699999999997,329.48999999999967,2166
2026-03-13T19:30:00+00:00,329.48999999999967,329.98999999999967,328.63999999999965,329.57999999999964,3473
2026-03-16T13:30:00+00:00,329.57999999999964,332.9699999999997,327.29999999999967,331.31999999999965,2727
2026-03-16T14:00:00+00:00,331.31999999999965,332.82999999999964,329.7099999999997,331.73999999999967,2658
2026-03-16T14:30:00+00:00,331.73999999999967,332.79999999999967,330.37999999999965,332.7899999999997,2248
2026-03-16T15:00:00+00:00,332.7899999999997,336.3599999999997,332.2299999999997,335.8399999999997,2904
2026-03-16T15:30:00+00:00,335.8399999999997,336.38999999999965,334.5199999999997,334.69999999999965,2121
2026-03-16T16:00:00+00:00,334.69999999999965,335.04999999999967,332.82999999999964,333.2699999999997,1903
2026-03-16T16:30:00+00:00,333.2699999999997,335.2699999999997,333.11999999999966,334.44999999999965,1948
2026-03-16T17:00:00+00:00,334.44999999999965,336.1099999999997,334.44999999999965,335.2799999999997,1879
2026-03-16T17:30:00+00:00,335.2799999999997,335.99999999999966,334.56999999999965,335.38999999999965,1397
2026-03-16T18:00:00+00:00,335.38999999999965,335.80999999999966,334.37999999999965,334.62999999999965,1646
2026-03-16T18:30:00+00:00,334.62999999999965,335.0899999999997,333.75999999999965,333.82999999999964,1425
2026-03-16T19:00:00+00:00,333.82999999999964,336.31999999999965,332.5999999999997,333.2099999999997,2524
2026-03-16T19:30:00+00:00,333.2099999999997,333.67999999999967,330.93999999999966,332.1599999999997,3622
2026-03-17T13:30:00+00:00,332.1599999999997,334.4099999999997,331.6399999999997,332.11999999999966,4296
2026-03-17T14:00:00+00:00,332.11999999999966,332.3299999999997,329.36999999999966,331.2699999999997,4749
2026-03-17T14:30:00+00:00,331.2699999999997,331.6699999999997,329.93999999999966,329.9699999999997,3637
2026-03-17T15:00:00+00:00,329.9699999999997,330.3299999999997,326.2599999999997,326.2799999999997,4110
2026-03-17T15:30:00+00:00,326.2799999999997,326.8399999999997,325.54999999999967,326.74999999999966,4099
2026-03-17T16:00:00+00:00,326.74999999999966,326.98999999999967,325.11999999999966,325.6999999999997,3836
2026-03-17T16:30:00+00:00,325.6999999999997,328.4099999999997,325.36999999999966,328.1699999999997,3636
2026-03-17T17:00:00+00:00,328.1699999999997,329.24999999999966,327.4499999999997,328.5699999999997,2970
2026-03-17T17:30:00+00:00,328.5699999999997,329.6099999999997,328.4199999999997,329.5799999999997,2451
2026-03-17T18:00:00+00:00,329.5799999999997,330.5799999999997,329.0099999999997,329.5099999999997,2518
2026-03-17T18:30:00+00:00,329.5099999999997,329.7299999999997,327.5299999999997,327.8799999999997,2406
2026-03-17T19:00:00+00:00,327.8799999999997,328.3399999999997,327.1099999999997,327.93999999999966,2634
2026-03-17T19:30:00+00:00,327.93999999999966,329.7699999999997,327.9199999999997,329.5199999999997,3443
2026-03-18T13:30:00+00:00,329.5199999999997,334.3399999999997,329.3199999999997,331.55999999999966,5683
2026-03-18T14:00:00+00:00,331.55999999999966,331.55999999999966,326.74999999999966,327.0899999999997,6457
2026-03-18T14:30:00+00:00,327.0899999999997,328.1699999999997,326.7199999999997,328.1499999999997,4097
2026-03-18T15:00:00+00:00,328.1499999999997,329.54999999999967,327.3399999999997,328.8999999999997,3951
2026-03-18T15:30:00+00:00,328.8999999999997,329.73999999999967,328.74999999999966,328.7599999999997,3193
2026-03-18T16:00:00+00:00,328.7599999999997,328.8899999999997,327.8299999999997,327.98999999999967,3114
2026-03-18T16:30:00+00:00,327.98999999999967,328.0099999999997,326.04999999999967,326.7799999999997,3198
2026-03-18T17:00:00+00:00,326.7799999999997,327.2599999999997,326.0699999999997,327.1699999999997,2715
2026-03-18T17:30:00+00:00,327.1699999999997,328.12999999999965,326.7599999999997,327.5699999999997,2546
2026-03-18T18:00:00+00:00,327.5699999999997,328.5899999999997,326.55999999999966,327.1999999999997,4419
2026-03-18T18:30:00+00:00,327.1999999999997,327.3199999999997,324.93999999999966,325.0199999999997,5114
2026-03-18T19:00:00+00:00,325.0199999999997,326.5199999999997,324.5799999999997,325.5799999999997,4194
2026-03-18T19:30:00+00:00,325.5799999999997,326.2599999999997,324.62999999999965,324.7899999999997,4126
2026-03-19T13:30:00+00:00,324.7899999999997,324.7899999999997,317.5399999999997,321.2099999999997,7049
2026-03-19T14:00:00+00:00,321.2099999999997,323.05999999999966,321.0299999999997,321.6099999999997,6499
2026-03-19T14:30:00+00:00,321.6099999999997,325.36999999999966,321.43999999999966,325.12999999999965,4993
2026-03-19T15:00:00+00:00,325.12999999999965,327.1099999999997,324.4199999999997,325.99999999999966,4342
2026-03-19T15:30:00+00:00,325.99999999999966,327.68999999999966,325.36999999999966,327.5799999999997,4090
2026-03-19T16:00:00+00:00,327.5799999999997,328.2799999999997,326.79999999999967,327.9099999999997,3800
2026-03-19T16:30:00+00:00,327.9099999999997,328.9199999999997,327.2299999999997,328.0999999999997,3107
2026-03-19T17:00:00+00:00,328.0999999999997,328.2099999999997,326.3399999999997,327.62999999999965,2758
2026-03-19T17:30:00+00:00,327.62999999999965,328.23999999999967,327.0399999999997,328.11999999999966,2364
2026-03-19T18:00:00+00:00,328.11999999999966,328.99999999999966,327.1599999999997,327.8399999999997,2605
2026-03-19T18:30:00+00:00,327.8399999999997,329.9099999999997,327.0899999999997,329.80999999999966,3053
2026-03-19T19:00:00+00:00,329.80999999999966,332.2199999999997,329.0299999999997,329.62999999999965,6138
2026-03-19T19:30:00+00:00,329.62999999999965,329.68999999999966,327.79999999999967,329.18999999999966,5246
2026-03-20T13:30:00+00:00,329.18999999999966,330.3899999999997,325.5299999999997,325.8499999999997,4630
2026-03-20T14:00:00+00:00,325.8499999999997,326.3899999999997,323.4699999999997,324.6699999999997,5648
2026-03-20T14:30:00+00:00,324.6699999999997,325.5799999999997,323.37999999999965,324.74999999999966,4269
2026-03-20T15:00:00+00:00,324.74999999999966,325.9099999999997,323.7299999999997,324.5799999999997,4388
2026-03-20T15:30:00+00:00,324.5799999999997,326.18999999999966,324.2799999999997,325.8999999999997,3637
2026-03-20T16:00:00+00:00,325.8999999999997,327.6999999999997,325.62999999999965,326.8999999999997,3164
2026-03-20T16:30:00+00:00,326.8999999999997,327.1399999999997,325.4799999999997,326.3499999999997,2930
2026-03-20T17:00:00+00:00,326.3499999999997,326.7899999999997,324.43999999999966,324.6099999999997,2979
2026-03-20T17:30:00+00:00,324.6099999999997,324.79999999999967,323.37999999999965,323.93999999999966,2848
2026-03-20T18:00:00+00:00,323.93999999999966,324.1499999999997,322.12999999999965,322.7099999999997,3363
2026-03-20T18:30:00+00:00,322.7099999999997,322.9699999999997,321.3499999999997,321.74999999999966,3127
2026-03-20T19:00:00+00:00,321.74999999999966,322.1599999999997,320.7099999999997,320.8899999999997,3373
2026-03-20T19:30:00+00:00,320.8899999999997,321.68999999999966,318.87999999999965,319.9199999999997,5685
2026-03-23T13:30:00+00:00,319.9199999999997,333.1099999999997,319.9199999999997,333.0199999999997,5682
2026-03-23T14:00:00+00:00,333.0199999999997,335.4599999999997,331.0799999999997,334.7799999999997,5866
2026-03-23T14:30:00+00:00,334.7799999999997,334.8599999999997,332.7799999999997,333.0199999999997,4371
2026-03-23T15:00:00+00:00,333.0199999999997,334.7799999999997,331.7799999999997,332.29999999999967,3973
2026-03-23T15:30:00+00:00,332.29999999999967,332.8199999999997,328.4499999999997,328.61999999999966,4705
2026-03-23T16:00:00+00:00,328.61999999999966,330.8899999999997,328.42999999999967,328.8199999999997,4533
2026-03-23T16:30:00+00:00,328.8199999999997,331.12999999999965,328.74999999999966,329.6599999999997,4069
2026-03-23T17:00:00+00:00,329.6599999999997,329.9199999999997,328.24999999999966,329.05999999999966,3643
2026-03-23T17:30:00+00:00,329.05999999999966,330.8599999999997,328.79999999999967,330.8499999999997,3369
2026-03-23T18:00:00+00:00,330.8499999999997,331.5899999999997,330.17999999999967,331.1499999999997,3360
2026-03-23T18:30:00+00:00,331.1499999999997,333.3199999999997,331.0999999999997,333.1699999999997,3189
2026-03-23T19:00:00+00:00,333.1699999999997,334.55999999999966,332.37999999999965,334.24999999999966,2793
2026-03-23T19:30:00+00:00,334.24999999999966,334.2599999999997,331.1499999999997,331.7599999999997,3995
2026-03-24T13:30:00+00:00,331.7599999999997,333.1699999999997,324.7099999999997,325.93999999999966,4744
2026-03-24T14:00:00+00:00,325.93999999999966,326.2699999999997,323.79999999999967,324.5299999999997,6395
2026-03-24T14:30:00+00:00,324.5299999999997,329.2699999999997,324.12999999999965,326.1599999999997,5640
2026-03-24T15:00:00+00:00,326.1599999999997,329.5399999999997,326.1499999999997,328.3499999999997,4777
2026-03-24T15:30:00+00:00,328.3499999999997,328.8299999999997,327.3299999999997,327.5799999999997,3545
2026-03-24T16:00:00+00:00,327.5799999999997,328.1499999999997,326.2599999999997,327.8299999999997,3405
2026-03-24T16:30:00+00:00,327.8299999999997,328.0199999999997,325.43999999999966,326.6399999999997,3253
2026-03-24T17:00:00+00:00,326.6399999999997,326.9599999999997,324.5899999999997,326.4599999999997,4252
2026-03-24T17:30:00+00:00,326.4599999999997,328.2799999999997,325.8899999999997,328.05999999999966,3864
2026-03-24T18:00:00+00:00,328.05999999999966,328.8499999999997,326.9499999999997,328.49999999999966,3513
2026-03-24T18:30:00+00:00,328.49999999999966,329.8399999999997,327.37999999999965,327.3999999999997,3491
2026-03-24T19:00:00+00:00,327.3999999999997,328.5399999999997,327.3499999999997,327.7599999999997,3217
2026-03-24T19:30:00+00:00,327.7599999999997,328.1099999999997,326.3299999999997,327.5199999999997,4147
2026-03-25T13:30:00+00:00,327.5199999999997,332.5999999999997,327.04999999999967,329.3599999999997,7009
2026-03-25T14:00:00+00:00,329.3599999999997,333.2299999999997,328.0899999999997,331.2899999999997,8473
2026-03-25T14:30:00+00:00,331.2899999999997,331.49999999999966,329.2199999999997,329.55999999999966,5821
2026-03-25T15:00:00+00:00,329.55999999999966,330.1599999999997,327.62999999999965,329.2699999999997,6656
2026-03-25T15:30:00+00:00,329.2699999999997,330.29999999999967,328.0299999999997,329.4599999999997,5354
2026-03-25T16:00:00+00:00,329.4599999999997,329.49999999999966,327.2799999999997,328.5299999999997,5980
2026-03-25T16:30:00+00:00,328.5299999999997,330.9099999999997,328.0299999999997,329.67999999999967,4081
2026-03-25T17:00:00+00:00,329.67999999999967,330.0899999999997,327.6699999999997,328.8599999999997,4186
2026-03-25T17:30:00+00:00,328.8599999999997,329.2299999999997,327.7799999999997,328.5799999999997,4311
2026-03-25T18:00:00+00:00,328.5799999999997,328.9099999999997,327.74999999999966,327.86999999999966,3113
2026-03-25T18:30:00+00:00,327.86999999999966,328.11999999999966,326.3299999999997,326.6999999999997,3884
2026-03-25T19:00:00+00:00,326.6999999999997,327.2599999999997,325.7299999999997,326.04999999999967,3879
2026-03-25T19:30:00+00:00,326.04999999999967,328.0199999999997,325.8999999999997,327.8499999999997,3710
2026-03-26T13:30:00+00:00,327.8499999999997,327.8499999999997,321.0299999999997,323.7099999999997,2821
2026-03-26T14:00:00+00:00,323.7099999999997,325.7699999999997,322.7899999999997,322.7899999999997,8937
2026-03-26T14:30:00+00:00,322.7899999999997,324.43999999999966,321.1599999999997,322.23999999999967,9715
2026-03-26T15:00:00+00:00,322.23999999999967,322.79999999999967,321.23999999999967,321.7799999999997,7632
2026-03-26T15:30:00+00:00,321.7799999999997,324.0699999999997,321.29999999999967,323.9799999999997,6101
2026-03-26T16:00:00+00:00,323.9799999999997,324.12999999999965,321.0299999999997,321.04999999999967,5007
2026-03-26T16:30:00+00:00,321.04999999999967,321.9199999999997,320.04999999999967,320.6399999999997,5296
2026-03-26T17:00:00+00:00,320.6399999999997,322.1999999999997,320.36999999999966,321.4199999999997,4466
2026-03-26T17:30:00+00:00,321.4199999999997,321.9599999999997,319.18999999999966,319.5399999999997,4919
2026-03-26T18:00:00+00:00,319.5399999999997,320.12999999999965,318.93999999999966,319.0899999999997,4828
2026-03-26T18:30:00+00:00,319.0899999999997,320.9699999999997,319.04999999999967,320.6099999999997,4223
2026-03-26T19:00:00+00:00,320.6099999999997,321.17999999999967,319.23999999999967,319.80999999999966,4535
2026-03-26T19:30:00+00:00,319.80999999999966,320.2299999999997,318.1399999999997,318.5399999999997,5218
2026-03-27T13:30:00+00:00,318.5399999999997,318.5399999999997,310.8399999999997,311.37999999999965,8356
2026-03-27T14:00:00+00:00,311.37999999999965,313.8399999999997,310.9599999999997,312.12999999999965,9949
2026-03-27T14:30:00+00:00,312.12999999999965,313.3899999999997,311.43999999999966,312.4699999999997,7264
2026-03-27T15:00:00+00:00,312.4699999999997,313.8399999999997,312.2299999999997,313.29999999999967,7190
2026-03-27T15:30:00+00:00,313.29999999999967,314.6699999999997,312.3399999999997,312.87999999999965,6432
2026-03-27T16:00:00+00:00,312.87999999999965,313.30999999999966,311.24999999999966,311.3599999999997,4588
2026-03-27T16:30:00+00:00,311.3599999999997,311.99999999999966,309.4799999999997,311.5299999999997,4843
2026-03-27T17:00:00+00:00,311.5299999999997,311.7799999999997,308.6099999999997,308.68999999999966,5056
2026-03-27T17:30:00+00:00,308.68999999999966,310.0999999999997,308.17999999999967,309.9699999999997,4904
2026-03-27T18:00:00+00:00,309.9699999999997,312.34999999999974,309.93999999999966,312.10999999999973,4681.695869676758
2026-03-27T18:30:00+00:00,312.10999999999973,312.33999999999975,310.82999999999976,311.56999999999977,4700
2026-03-27T19:00:00+00:00,311.56999999999977,311.9399999999997,310.63999999999976,310.7999999999997,4164
2026-03-27T19:30:00+00:00,310.7999999999997,311.2499999999997,307.94999999999976,309.9299999999997,5836
2026-03-30T13:30:00+00:00,309.9299999999997,313.65999999999974,303.02999999999975,303.65999999999974,6866
2026-03-30T14:00:00+00:00,303.65999999999974,306.91999999999973,303.40999999999974,304.38999999999976,7258
2026-03-30T14:30:00+00:00,304.38999999999976,305.53999999999974,301.4899999999997,304.96999999999974,7146
2026-03-30T15:00:00+00:00,304.96999999999974,306.12999999999977,303.40999999999974,304.41999999999973,5528
2026-03-30T15:30:00+00:00,304.41999999999973,306.3099999999997,304.10999999999973,305.44999999999976,5283
2026-03-30T16:00:00+00:00,305.44999999999976,305.6799999999997,302.6899999999997,302.69999999999976,4647
2026-03-30T16:30:00+00:00,302.69999999999976,303.57999999999976,302.38999999999976,302.91999999999973,4224
2026-03-30T17:00:00+00:00,302.91999999999973,303.44999999999976,301.1899999999997,302.0599999999997,4613
2026-03-30T17:30:00+00:00,302.0599999999997,302.75999999999976,301.10999999999973,301.52999999999975,4734
2026-03-30T18:00:00+00:00,301.52999999999975,301.84999999999974,300.58999999999975,300.8099999999997,3605
2026-03-30T18:30:00+00:00,300.8099999999997,301.7999999999997,300.38999999999976,300.83999999999975,3571
2026-03-30T19:00:00+00:00,300.83999999999975,300.91999999999973,299.03999999999974,299.22999999999973,4346
2026-03-30T19:30:00+00:00,299.22999999999973,303.00999999999976,299.22999999999973,302.69999999999976,6227
2026-03-31T13:30:00+00:00,302.69999999999976,311.2999999999997,302.69999999999976,310.70999999999975,5106
2026-03-31T14:00:00+00:00,310.70999999999975,312.5499999999997,309.59999999999974,312.2399999999997,6157
2026-03-31T14:30:00+00:00,312.2399999999997,312.66999999999973,309.15999999999974,309.71999999999974,5298
2026-03-31T15:00:00+00:00,309.71999999999974,311.81999999999977,309.59999999999974,310.7499999999997,5128
2026-03-31T15:30:00+00:00,310.7499999999997,311.19999999999976,309.3099999999997,309.35999999999973,4463
2026-03-31T16:00:00+00:00,309.35999999999973,312.37999999999977,309.28999999999974,312.1199999999997,3746
2026-03-31T16:30:00+00:00,312.1199999999997,317.6799999999997,311.6799999999997,315.7399999999997,4933
2026-03-31T17:00:00+00:00,315.7399999999997,317.70999999999975,315.34999999999974,316.32999999999976,6983
2026-03-31T17:30:00+00:00,316.32999999999976,317.31999999999977,315.08999999999975,315.97999999999973,6562
2026-03-31T18:00:00+00:00,315.97999999999973,317.3699999999997,315.91999999999973,317.1799999999997,4359
2026-03-31T18:30:00+00:00,317.1799999999997,318.5499999999997,316.94999999999976,317.90999999999974,3750
2026-03-31T19:00:00+00:00,317.90999999999974,319.35999999999973,317.59999999999974,318.70999999999975,3933
2026-03-31T19:30:00+00:00,318.70999999999975,319.1799999999997,317.7999999999997,318.58999999999975,5906
2026-04-01T13:30:00+00:00,318.58999999999975,324.45999999999975,318.58999999999975,321.7499999999997,9094
2026-04-01T14:00:00+00:00,321.7499999999997,323.02999999999975,321.19999999999976,322.40999999999974,10467
2026-04-01T14:30:00+00:00,322.40999999999974,322.5499999999997,320.34999999999974,322.03999999999974,6573
2026-04-01T15:00:00+00:00,322.03999999999974,322.75999999999976,321.59999999999974,321.70999999999975,5471
2026-04-01T15:30:00+00:00,321.70999999999975,324.27999999999975,321.53999999999974,323.77999999999975,5285
2026-04-01T16:00:00+00:00,323.77999999999975,324.82999999999976,323.08999999999975,323.10999999999973,3994
2026-04-01T16:30:00+00:00,323.10999999999973,323.9299999999997,322.85999999999973,322.94999999999976,3057
2026-04-01T17:00:00+00:00,322.94999999999976,323.56999999999977,322.52999999999975,323.40999999999974,2918
2026-04-01T17:30:00+00:00,323.40999999999974,323.71999999999974,322.33999999999975,322.41999999999973,3164
2026-04-01T18:00:00+00:00,322.41999999999973,322.56999999999977,319.52999999999975,320.34999999999974,5239
2026-04-01T18:30:00+00:00,320.34999999999974,321.32999999999976,319.9299999999997,320.81999999999977,4832
2026-04-01T19:00:00+00:00,320.81999999999977,323.90999999999974,320.64999999999975,323.33999999999975,3990
2026-04-01T19:30:00+00:00,323.33999999999975,323.59999999999974,322.27999999999975,322.63999999999976,4382
2026-04-02T13:30:00+00:00,322.63999999999976,322.63999999999976,310.82999999999976,315.96999999999974,6692
2026-04-02T14:00:00+00:00,315.96999999999974,319.07999999999976,315.44999999999976,317.12999999999977,7436
2026-04-02T14:30:00+00:00,317.12999999999977,322.83999999999975,317.10999999999973,321.9899999999997,6129.019782523254
2026-04-02T15:00:00+00:00,321.9899999999997,322.53999999999974,320.38999999999976,322.0599999999997,6059
2026-04-02T15:30:00+00:00,322.0599999999997,323.0099999999997,320.6199999999997,321.6899999999997,5511
2026-04-02T16:00:00+00:00,321.6899999999997,322.38999999999976,319.10999999999973,320.14999999999975,4438
2026-04-02T16:30:00+00:00,320.14999999999975,321.9399999999997,319.0099999999997,321.35999999999973,4452
2026-04-02T17:00:00+00:00,321.35999999999973,322.14999999999975,320.8199999999997,321.9499999999997,4002
2026-04-02T17:30:00+00:00,321.9499999999997,322.1799999999997,320.8099999999997,321.66999999999973,3584
2026-04-02T18:00:00+00:00,321.66999999999973,322.8199999999997,321.52999999999975,322.07999999999976,3583
2026-04-02T18:30:00+00:00,322.07999999999976,322.8199999999997,321.72999999999973,321.95999999999975,2521
2026-04-02T19:00:00+00:00,321.95999999999975,323.1299999999997,321.59999999999974,322.1899999999997,2084
2026-04-02T19:30:00+00:00,322.1899999999997,323.76999999999975,322.0499999999997,323.64999999999975,2715
2026-04-06T13:30:00+00:00,323.64999999999975,325.33999999999975,319.21999999999974,322.6199999999997,3686
2026-04-06T14:00:00+00:00,322.6199999999997,323.22999999999973,319.6899999999997,320.60999999999973,4107
2026-04-06T14:30:00+00:00,320.60999999999973,321.4499999999997,319.60999999999973,321.01999999999975,2999
2026-04-06T15:00:00+00:00,321.01999999999975,321.78999999999974,320.10999999999973,321.46999999999974,2575
2026-04-06T15:30:00+00:00,321.46999999999974,323.2399999999997,320.60999999999973,323.22999999999973,2310
2026-04-06T16:00:00+00:00,323.22999999999973,323.2599999999997,321.1199999999997,321.33999999999975,1733
2026-04-06T16:30:00+00:00,321.33999999999975,321.76999999999975,320.95999999999975,321.34999999999974,1656
2026-04-06T17:00:00+00:00,321.34999999999974,321.60999999999973,319.60999999999973,321.45999999999975,2364
2026-04-06T17:30:00+00:00,321.45999999999975,322.09999999999974,320.9299999999997,320.97999999999973,1762
2026-04-06T18:00:00+00:00,320.97999999999973,323.0099999999997,320.6999999999997,322.51999999999975,1889
2026-04-06T18:30:00+00:00,322.51999999999975,322.72999999999973,322.09999999999974,322.4299999999997,1218
2026-04-06T19:00:00+00:00,322.4299999999997,323.33999999999975,322.22999999999973,323.1799999999997,1486
2026-04-06T19:30:00+00:00,323.1799999999997,323.6299999999997,322.5499999999997,323.3699999999997,2326
2026-04-07T13:30:00+00:00,323.3699999999997,338.8199999999997,323.3699999999997,333.5499999999997,11950
2026-04-07T14:00:00+00:00,333.5499999999997,334.52999999999975,331.71999999999974,333.46999999999974,12664
2026-04-07T14:30:00+00:00,333.46999999999974,333.88999999999976,331.7999999999997,332.01999999999975,8342
2026-04-07T15:00:00+00:00,332.01999999999975,335.8799999999997,330.9499999999997,335.45999999999975,8808
2026-04-07T15:30:00+00:00,335.45999999999975,336.22999999999973,334.53999999999974,335.60999999999973,6053
2026-04-07T16:00:00+00:00,335.60999999999973,339.21999999999974,335.4999999999997,338.4299999999997,8209
2026-04-07T16:30:00+00:00,338.4299999999997,342.8699999999997,338.10999999999973,341.90999999999974,6668
2026-04-07T17:00:00+00:00,341.90999999999974,342.20999999999975,339.6199999999997,340.21999999999974,5271
2026-04-07T17:30:00+00:00,340.21999999999974,341.9999999999997,339.85999999999973,340.53999999999974,5467
2026-04-07T18:00:00+00:00,340.53999999999974,340.77999999999975,338.72999999999973,340.10999999999973,4471
2026-04-07T18:30:00+00:00,340.10999999999973,341.3699999999997,337.34999999999974,337.8199999999997,5245
2026-04-07T19:00:00+00:00,337.8199999999997,341.5499999999997,337.45999999999975,339.5699999999997,8518
2026-04-07T19:30:00+00:00,339.5699999999997,343.2599999999997,339.4399999999997,342.97999999999973,8396
2026-04-08T13:30:00+00:00,342.97999999999973,363.07999999999976,342.97999999999973,355.13999999999976,12273
2026-04-08T14:00:00+00:00,355.13999999999976,356.8199999999997,354.0599999999997,355.66999999999973,10812
2026-04-08T14:30:00+00:00,355.66999999999973,355.84999999999974,351.60999999999973,353.11999999999966,8929.109826589596
2026-04-08T15:00:00+00:00,353.11999999999966,357.81999999999965,352.9799999999997,357.3899999999997,8033
2026-04-08T15:30:00+00:00,357.3899999999997,359.29999999999967,357.2699999999997,358.4099999999997,5936
2026-04-08T16:00:00+00:00,358.4099999999997,358.5899999999997,356.7199999999997,357.5999999999997,3918
2026-04-08T16:30:00+00:00,357.5999999999997,358.79999999999967,357.1399999999997,358.4199999999997,3774
2026-04-08T17:00:00+00:00,358.4199999999997,359.36999999999966,357.9699999999997,358.8299999999997,4200
2026-04-08T17:30:00+00:00,358.8299999999997,360.4599999999997,358.8299999999997,360.0799999999997,4546
2026-04-08T18:00:00+00:00,360.0799999999997,361.1099999999997,359.4599999999997,360.3399999999997,5842
2026-04-08T18:30:00+00:00,360.3399999999997,360.8299999999997,358.49999999999966,358.5199999999997,4303
2026-04-08T19:00:00+00:00,358.5199999999997,360.61999999999966,358.2799999999997,359.1599999999997,4993
2026-04-08T19:30:00+00:00,359.1599999999997,360.7699999999997,359.1099999999997,359.75999999999965,4653
2026-04-09T13:30:00+00:00,359.75999999999965,366.44999999999965,359.75999999999965,363.9199999999997,3768
2026-04-09T14:00:00+00:00,363.9199999999997,365.49999999999966,361.31999999999965,362.11999999999966,3370
2026-04-09T14:30:00+00:00,362.11999999999966,362.94999999999965,361.24999999999966,362.54999999999967,2563
2026-04-09T15:00:00+00:00,362.54999999999967,364.4199999999997,362.3999999999997,364.00999999999965,2478
2026-04-09T15:30:00+00:00,364.00999999999965,366.7099999999997,363.3999999999997,366.7099999999997,3308
2026-04-09T16:00:00+00:00,366.7099999999997,367.68999999999966,366.19999999999965,367.1499999999997,2749
2026-04-09T16:30:00+00:00,367.1499999999997,367.4199999999997,366.0999999999997,366.74999999999966,1942
2026-04-09T17:00:00+00:00,366.74999999999966,367.3399999999997,365.67999999999967,365.7799999999997,2083
2026-04-09T17:30:00+00:00,365.7799999999997,367.0899999999997,364.80999999999966,366.50999999999965,1944
2026-04-09T18:00:00+00:00,366.50999999999965,366.61999999999966,364.3599999999997,364.5999999999997,2463
2026-04-09T18:30:00+00:00,364.5999999999997,365.1599999999997,364.2099999999997,364.3599999999997,1981
2026-04-09T19:00:00+00:00,364.3599999999997,364.8899999999997,362.69999999999965,362.80999999999966,2180
2026-04-09T19:30:00+00:00,362.80999999999966,364.55999999999966,362.79999999999967,363.9199999999997,3148
2026-04-10T13:30:00+00:00,363.9199999999997,383.2099999999997,363.9199999999997,379.12999999999965,9282
2026-04-10T14:00:00+00:00,379.12999999999965,382.8299999999997,376.48999999999967,382.29999999999967,9336
2026-04-10T14:30:00+00:00,382.29999999999967,384.4199999999997,381.0999999999997,384.37999999999965,6480.6731468706885
2026-04-10T15:00:00+00:00,384.37999999999965,385.5899999999997,383.5899999999997,384.87999999999965,6148
2026-04-10T15:30:00+00:00,384.87999999999965,385.17999999999967,380.4699999999997,380.86999999999966,5491
2026-04-10T16:00:00+00:00,380.86999999999966,381.9699999999997,379.9699999999997,380.07999999999964,4339
2026-04-10T16:30:00+00:00,380.07999999999964,381.9099999999997,379.8599999999997,381.68999999999966,4011
2026-04-10T17:00:00+00:00,381.68999999999966,382.20999999999964,379.76999999999964,380.42999999999967,3810
2026-04-10T17:30:00+00:00,380.42999999999967,383.24999999999966,380.2299999999997,382.8499999999997,3807
2026-04-10T18:00:00+00:00,382.8499999999997,383.44999999999965,382.4799999999997,382.81999999999965,3709
2026-04-10T18:30:00+00:00,382.81999999999965,383.18999999999966,382.25999999999965,382.6099999999997,3241
2026-04-10T19:00:00+00:00,382.6099999999997,383.54999999999967,382.3399999999997,383.37999999999965,3675
2026-04-10T19:30:00+00:00,383.37999999999965,383.37999999999965,380.2199999999997,380.5899999999997,5040
2026-04-13T13:30:00+00:00,380.5899999999997,382.9799999999997,378.5299999999997,380.45999999999964,2291
2026-04-13T14:00:00+00:00,380.45999999999964,382.57999999999964,379.81999999999965,382.0399999999997,3058
2026-04-13T14:30:00+00:00,382.0399999999997,384.86999999999966,381.8599999999997,384.3499999999997,2996
2026-04-13T15:00:00+00:00,384.3499999999997,384.3599999999997,382.80999999999966,383.05999999999966,2472
2026-04-13T15:30:00+00:00,383.05999999999966,383.4199999999997,381.7299999999997,382.1599999999997,1974
2026-04-13T16:00:00+00:00,382.1599999999997,383.57999999999964,381.05999999999966,383.32999999999964,2297
2026-04-13T16:30:00+00:00,383.32999999999964,387.44999999999965,383.30999999999966,387.05999999999966,3098
2026-04-13T17:00:00+00:00,387.05999999999966,387.5399999999997,384.70999999999964,385.98999999999967,2011
2026-04-13T17:30:00+00:00,385.98999999999967,386.12999999999965,385.05999999999966,385.24999999999966,1554
2026-04-13T18:00:00+00:00,385.24999999999966,386.19999999999965,385.1599999999997,385.69999999999965,1487
2026-04-13T18:30:00+00:00,385.69999999999965,387.7299999999997,385.48999999999967,387.43999999999966,1682
2026-04-13T19:00:00+00:00,387.43999999999966,388.5299999999997,386.92999999999967,388.1699999999997,1630
2026-04-13T19:30:00+00:00,388.1699999999997,389.57999999999964,387.8499999999997,388.7899999999997,3321
2026-04-14T13:30:00+00:00,388.7899999999997,391.2899999999997,385.3599999999997,387.9799999999997,2196
2026-04-14T14:00:00+00:00,387.9799999999997,389.06999999999965,386.82999999999964,387.76999999999964,1994
2026-04-14T14:30:00+00:00,387.76999999999964,389.30999999999966,386.95999999999964,389.1699999999997,1760
2026-04-14T15:00:00+00:00,389.1699999999997,389.20999999999964,387.54999999999967,387.7799999999997,1596
2026-04-14T15:30:00+00:00,387.7799999999997,390.3499999999997,387.4099999999997,389.2199999999997,2043
2026-04-14T16:00:00+00:00,389.2199999999997,389.7799999999997,389.06999999999965,389.38999999999965,1340
2026-04-14T16:30:00+00:00,389.38999999999965,390.0399999999997,388.1599999999997,388.36999999999966,1351
2026-04-14T17:00:00+00:00,388.36999999999966,389.92999999999967,387.9199999999997,389.63999999999965,1395
2026-04-14T17:30:00+00:00,389.63999999999965,390.92999999999967,389.57999999999964,389.92999999999967,1518
2026-04-14T18:00:00+00:00,389.92999999999967,389.9699999999997,388.39999999999964,388.98999999999967,1178
2026-04-14T18:30:00+00:00,388.98999999999967,389.04999999999967,387.2799999999997,387.8499999999997,1102
2026-04-14T19:00:00+00:00,387.8499999999997,389.32999999999964,387.54999999999967,389.19999999999965,1248
2026-04-14T19:30:00+00:00,389.19999999999965,389.8399999999997,388.23999999999967,389.8399999999997,2657
2026-04-15T13:30:00+00:00,389.8399999999997,405.24999999999966,389.8399999999997,404.62999999999965,2745
2026-04-15T14:00:00+00:00,404.62999999999965,405.29999999999967,402.4099999999997,403.98999999999967,2553
2026-04-15T14:30:00+00:00,403.98999999999967,405.5899999999997,402.5999999999997,403.5799999999997,2374.0044899677287
2026-04-15T15:00:00+00:00,403.5799999999997,403.8699999999997,400.5699999999997,400.6899999999997,2131
2026-04-15T15:30:00+00:00,400.6899999999997,401.9199999999997,400.2699999999997,401.3899999999997,1867
2026-04-15T16:00:00+00:00,401.3899999999997,403.6599999999997,401.1799999999997,401.4099999999997,2177
2026-04-15T16:30:00+00:00,401.4099999999997,401.5099999999997,397.5699999999997,398.9699999999997,2274
2026-04-15T17:00:00+00:00,398.9699999999997,400.9199999999997,398.8999999999997,400.8799999999997,1505
2026-04-15T17:30:00+00:00,400.8799999999997,401.5799999999997,400.4299999999997,400.7399999999997,1229
2026-04-15T18:00:00+00:00,400.7399999999997,402.2599999999997,400.2499999999997,402.1299999999997,1487
2026-04-15T18:30:00+00:00,402.1299999999997,402.9899999999997,401.5299999999997,402.7499999999997,1589
2026-04-15T19:00:00+00:00,402.7499999999997,403.9599999999997,402.5699999999997,403.8399999999997,1678
2026-04-15T19:30:00+00:00,403.8399999999997,406.1499999999997,403.0999999999997,405.8699999999997,3034
2026-04-16T13:30:00+00:00,405.8699999999997,408.0299999999997,401.4199999999997,404.7699999999997,4017
2026-04-16T14:00:00+00:00,404.7699999999997,407.1399999999997,404.5499999999997,406.3699999999997,3974
2026-04-16T14:30:00+00:00,406.3699999999997,407.2399999999997,406.1399999999997,406.4799999999997,3219
2026-04-16T15:00:00+00:00,406.4799999999997,408.7099999999997,405.8699999999997,405.8699999999997,3153
2026-04-16T15:30:00+00:00,405.8699999999997,407.6499999999997,405.3199999999997,407.3199999999997,3045
2026-04-16T16:00:00+00:00,407.3199999999997,408.1699999999997,406.7899999999997,406.8899999999997,2083
2026-04-16T16:30:00+00:00,406.8899999999997,407.0699999999997,404.9599999999997,406.6699999999997,2470
2026-04-16T17:00:00+00:00,406.6699999999997,407.0499999999997,405.4999999999997,406.5999999999997,2365
2026-04-16T17:30:00+00:00,406.5999999999997,407.7999999999997,405.9699999999997,406.2299999999997,2039
2026-04-16T18:00:00+00:00,406.2299999999997,406.8499999999997,405.1899999999997,405.4999999999997,2547
2026-04-16T18:30:00+00:00,405.4999999999997,407.3199999999997,405.4099999999997,406.6599999999997,2147
2026-04-16T19:00:00+00:00,406.6599999999997,407.7499999999997,406.6599999999997,407.1699999999997,1744
2026-04-16T19:30:00+00:00,407.1699999999997,408.2199999999997,406.9099999999997,407.5599999999997,2281
2026-04-17T13:30:00+00:00,407.5599999999997,412.7999999999997,407.5599999999997,412.1399999999997,1740
2026-04-17T14:00:00+00:00,412.1399999999997,414.3799999999997,410.1599999999997,410.60999999999973,2263
2026-04-17T14:30:00+00:00,410.60999999999973,413.2099999999997,410.60999999999973,411.4399999999997,2466.2440930893586
2026-04-17T15:00:00+00:00,411.4399999999997,412.59999999999974,410.9899999999997,411.89999999999975,1827
2026-04-17T15:30:00+00:00,411.89999999999975,413.4899999999997,411.09999999999974,411.09999999999974,1874
2026-04-17T16:00:00+00:00,411.09999999999974,412.01999999999975,410.88999999999976,411.83999999999975,1686
2026-04-17T16:30:00+00:00,411.83999999999975,412.7499999999997,411.76999999999975,412.2999999999997,1756
2026-04-17T17:00:00+00:00,412.2999999999997,413.51999999999975,410.60999999999973,411.38999999999976,1615
2026-04-17T17:30:00+00:00,411.38999999999976,413.1799999999997,411.08999999999975,412.38999999999976,1397
2026-04-17T18:00:00+00:00,412.38999999999976,412.9899999999997,411.81999999999977,412.50999999999976,1710
2026-04-17T18:30:00+00:00,412.50999999999976,413.03999999999974,412.08999999999975,412.63999999999976,1504
2026-04-17T19:00:00+00:00,412.63999999999976,413.2399999999997,411.88999999999976,412.84999999999974,1697
2026-04-17T19:30:00+00:00,412.84999999999974,415.81999999999977,412.78999999999974,415.71999999999974,2963
2026-04-20T13:30:00+00:00,415.71999999999974,415.71999999999974,410.38999999999976,411.13999999999976,2880
2026-04-20T14:00:00+00:00,411.13999999999976,411.97999999999973,407.2499999999997,408.2999999999997,3485
2026-04-20T14:30:00+00:00,408.2999999999997,409.41999999999973,406.59999999999974,406.9299999999997,3310
2026-04-20T15:00:00+00:00,406.9299999999997,407.77999999999975,404.9899999999997,407.20999999999975,3240
2026-04-20T15:30:00+00:00,407.20999999999975,407.66999999999973,405.38999999999976,406.09999999999974,2280
2026-04-20T16:00:00+00:00,406.09999999999974,407.22999999999973,405.7399999999997,406.71999999999974,1726
2026-04-20T16:30:00+00:00,406.71999999999974,407.40999999999974,406.08999999999975,406.47999999999973,1533
2026-04-20T17:00:00+00:00,406.47999999999973,406.85999999999973,405.69999999999976,406.08999999999975,1638
2026-04-20T17:30:00+00:00,406.08999999999975,406.46999999999974,405.45999999999975,405.91999999999973,1723
2026-04-20T18:00:00+00:00,405.91999999999973,406.31999999999977,405.15999999999974,406.12999999999977,1627
2026-04-20T18:30:00+00:00,406.12999999999977,407.6899999999997,405.62999999999977,407.33999999999975,1633
2026-04-20T19:00:00+00:00,407.33999999999975,408.19999999999976,407.08999999999975,407.89999999999975,1556
2026-04-20T19:30:00+00:00,407.89999999999975,408.88999999999976,407.19999999999976,408.84999999999974,2710
2026-04-21T13:30:00+00:00,408.84999999999974,408.84999999999974,403.63999999999976,406.51999999999975,6444
2026-04-21T14:00:00+00:00,406.51999999999975,408.12999999999977,406.0499999999997,407.91999999999973,5463
2026-04-21T14:30:00+00:00,407.91999999999973,409.9999999999997,407.07999999999976,407.85999999999973,5102
2026-04-21T15:00:00+00:00,407.85999999999973,412.46999999999974,406.9899999999997,410.82999999999976,3930
2026-04-21T15:30:00+00:00,410.82999999999976,411.94999999999976,409.84999999999974,410.35999999999973,2371
2026-04-21T16:00:00+00:00,410.35999999999973,412.5499999999997,410.27999999999975,411.1799999999997,1730
2026-04-21T16:30:00+00:00,411.1799999999997,412.12999999999977,409.58999999999975,410.65999999999974,1552
2026-04-21T17:00:00+00:00,410.65999999999974,411.09999999999974,408.90999999999974,409.25999999999976,1667
2026-04-21T17:30:00+00:00,409.25999999999976,411.7999999999997,409.22999999999973,410.57999999999976,1770
2026-04-21T18:00:00+00:00,410.57999999999976,411.31999999999977,409.64999999999975,409.90999999999974,1462
2026-04-21T18:30:00+00:00,409.90999999999974,411.4999999999997,409.89999999999975,411.08999999999975,1613
2026-04-21T19:00:00+00:00,411.08999999999975,411.52999999999975,410.09999999999974,411.25999999999976,1770
2026-04-21T19:30:00+00:00,411.25999999999976,411.7499999999997,408.10999999999973,411.4999999999997,3562
2026-04-22T13:30:00+00:00,411.4999999999997,417.71999999999974,411.4999999999997,416.6199999999997,2263
2026-04-22T14:00:00+00:00,416.6199999999997,421.00999999999976,416.6199999999997,420.21999999999974,3894
2026-04-22T14:30:00+00:00,420.21999999999974,422.9899999999997,419.50999999999976,422.26999999999975,3562.7799734307537
2026-04-22T15:00:00+00:00,422.26999999999975,425.50999999999976,421.50999999999976,425.21999999999974,3157
2026-04-22T15:30:00+00:00,425.21999999999974,426.7499999999998,424.0499999999998,425.02999999999975,2522
2026-04-22T16:00:00+00:00,425.02999999999975,428.57999999999976,424.14999999999975,428.0399999999998,2819
2026-04-22T16:30:00+00:00,428.0399999999998,428.77999999999975,425.6199999999998,425.83999999999975,2266
2026-04-22T17:00:00+00:00,425.83999999999975,428.7399999999998,425.82999999999976,428.09999999999974,2056
2026-04-22T17:30:00+00:00,428.09999999999974,429.20999999999975,427.9999999999998,428.1099999999998,2178
2026-04-22T18:00:00+00:00,428.1099999999998,429.33999999999975,428.09999999999974,428.6199999999998,2010
2026-04-22T18:30:00+00:00,428.6199999999998,429.7399999999998,427.7999999999998,427.7999999999998,1933
2026-04-22T19:00:00+00:00,427.7999999999998,429.33999999999975,426.9299999999998,428.52999999999975,2336
2026-04-22T19:30:00+00:00,428.52999999999975,431.9299999999998,428.2399999999998,431.6699999999998,4066
2026-04-23T13:30:00+00:00,431.6699999999998,437.0599999999998,428.37999999999977,434.96999999999974,3035
2026-04-23T14:00:00+00:00,434.96999999999974,436.63999999999976,433.8599999999998,434.33999999999975,2733
2026-04-23T14:30:00+00:00,434.33999999999975,436.3099999999998,433.20999999999975,435.51999999999975,2375
2026-04-23T15:00:00+00:00,435.51999999999975,438.2899999999998,435.50999999999976,437.01999999999975,2422
2026-04-23T15:30:00+00:00,437.01999999999975,438.1099999999998,435.70999999999975,437.02999999999975,2408
2026-04-23T16:00:00+00:00,437.02999999999975,437.62999999999977,435.09999999999974,437.07999999999976,2331
2026-04-23T16:30:00+00:00,437.07999999999976,437.07999999999976,434.7999999999998,435.13999999999976,1892
2026-04-23T17:00:00+00:00,435.13999999999976,435.71999999999974,430.00999999999976,430.39999999999975,3084
2026-04-23T17:30:00+00:00,430.39999999999975,431.8699999999998,426.6799999999998,431.01999999999975,2850
2026-04-23T18:00:00+00:00,431.01999999999975,432.34999999999974,429.31999999999977,430.20999999999975,2069
2026-04-23T18:30:00+00:00,430.20999999999975,431.59999999999974,428.1099999999998,428.5499999999998,1830
2026-04-23T19:00:00+00:00,428.5499999999998,429.83999999999975,428.33999999999975,428.8599999999998,1568
2026-04-23T19:30:00+00:00,428.8599999999998,429.26999999999975,427.01999999999975,429.06999999999977,3094
2026-04-24T13:30:00+00:00,429.06999999999977,433.81999999999977,417.8599999999998,423.08999999999975,2127
2026-04-24T14:00:00+00:00,423.08999999999975,424.9799999999998,421.9999999999998,422.8599999999998,1517
2026-04-24T14:30:00+00:00,422.8599999999998,426.1799999999998,421.1099999999998,426.1799999999998,1650.9269588313414
2026-04-24T15:00:00+00:00,426.1799999999998,428.19999999999976,423.41999999999973,423.5599999999998,2273
2026-04-24T15:30:00+00:00,423.5599999999998,430.25999999999976,422.65999999999974,428.4299999999998,1373
2026-04-24T16:00:00+00:00,428.4299999999998,429.93999999999977,427.47999999999973,429.44999999999976,943
2026-04-24T16:30:00+00:00,429.44999999999976,430.19999999999976,428.06999999999977,429.75999999999976,1060
2026-04-24T17:00:00+00:00,429.75999999999976,430.6099999999998,427.8699999999998,427.94999999999976,967
2026-04-24T17:30:00+00:00,427.94999999999976,431.19999999999976,427.13999999999976,430.56999999999977,1101
2026-04-24T18:00:00+00:00,430.56999999999977,430.87999999999977,429.32999999999976,430.1199999999998,1144
2026-04-24T18:30:00+00:00,430.1199999999998,431.16999999999973,430.06999999999977,430.7399999999998,1403
2026-04-24T19:00:00+00:00,430.7399999999998,432.12999999999977,430.72999999999973,431.62999999999977,1797
2026-04-24T19:30:00+00:00,431.62999999999977,431.93999999999977,430.16999999999973,431.52999999999975,2876
2026-04-27T13:30:00+00:00,431.52999999999975,431.58999999999975,424.76999999999975,429.4899999999998,1449
2026-04-27T14:00:00+00:00,429.4899999999998,429.72999999999973,425.58999999999975,425.82999999999976,1913
2026-04-27T14:30:00+00:00,425.82999999999976,426.37999999999977,423.58999999999975,424.53999999999974,1751
2026-04-27T15:00:00+00:00,424.53999999999974,425.84999999999974,423.69999999999976,425.39999999999975,1826
2026-04-27T15:30:00+00:00,425.39999999999975,426.59999999999974,424.93999999999977,425.02999999999975,1329
2026-04-27T16:00:00+00:00,425.02999999999975,426.09999999999974,423.91999999999973,425.37999999999977,1388
2026-04-27T16:30:00+00:00,425.37999999999977,425.97999999999973,424.20999999999975,424.62999999999977,1074
2026-04-27T17:00:00+00:00,424.62999999999977,425.06999999999977,423.7999999999998,425.00999999999976,1138
2026-04-27T17:30:00+00:00,425.00999999999976,426.32999999999976,424.7399999999998,425.66999999999973,1182
2026-04-27T18:00:00+00:00,425.66999999999973,425.84999999999974,424.71999999999974,424.95999999999975,1099
2026-04-27T18:30:00+00:00,424.95999999999975,425.26999999999975,424.06999999999977,424.7499999999998,1211
2026-04-27T19:00:00+00:00,424.7499999999998,425.8599999999998,424.37999999999977,425.50999999999976,1543
2026-04-27T19:30:00+00:00,425.50999999999976,427.4999999999998,424.9299999999998,427.37999999999977,2864
2026-04-28T13:30:00+00:00,427.37999999999977,427.37999999999977,406.16999999999973,412.41999999999973,4430
2026-04-28T14:00:00+00:00,412.41999999999973,414.81999999999977,411.66999999999973,411.77999999999975,4252
2026-04-28T14:30:00+00:00,411.77999999999975,412.65999999999974,405.95999999999975,408.71999999999974,5378
2026-04-28T15:00:00+00:00,408.71999999999974,409.51999999999975,405.34999999999974,405.88999999999976,4480
2026-04-28T15:30:00+00:00,405.88999999999976,406.01999999999975,403.70999999999975,404.28999999999974,4490
2026-04-28T16:00:00+00:00,404.28999999999974,406.39999999999975,403.94999999999976,405.6799999999998,3780
2026-04-28T16:30:00+00:00,405.6799999999998,406.78999999999974,404.72999999999973,406.53999999999974,3581
2026-04-28T17:00:00+00:00,406.53999999999974,406.93999999999977,405.45999999999975,406.31999999999977,2393
2026-04-28T17:30:00+00:00,406.31999999999977,407.77999999999975,406.21999999999974,407.37999999999977,2312
2026-04-28T18:00:00+00:00,407.37999999999977,409.77999999999975,407.07999999999976,409.6199999999998,2331
2026-04-28T18:30:00+00:00,409.6199999999998,410.1799999999998,408.44999999999976,409.26999999999975,2210
2026-04-28T19:00:00+00:00,409.26999999999975,410.90999999999974,408.56999999999977,409.93999999999977,2902
2026-04-28T19:30:00+00:00,409.93999999999977,410.3699999999998,408.1799999999998,409.1199999999998,4333
2026-04-29T13:30:00+00:00,409.1199999999998,412.18999999999977,407.06999999999977,409.83999999999975,983
2026-04-29T14:00:00+00:00,409.83999999999975,410.8599999999998,407.31999999999977,410.19999999999976,1454
2026-04-29T14:30:00+00:00,410.19999999999976,411.26999999999975,409.26999999999975,409.76999999999975,1169.4447513812156
2026-04-29T15:00:00+00:00,409.76999999999975,410.12999999999977,408.06999999999977,409.56999999999977,1253
2026-04-29T15:30:00+00:00,409.56999999999977,410.5599999999997,407.59999999999974,408.20999999999975,1241
2026-04-29T16:00:00+00:00,408.20999999999975,408.66999999999973,406.5599999999997,406.62999999999977,1251
2026-04-29T16:30:00+00:00,406.62999999999977,406.90999999999974,405.66999999999973,406.60999999999973,1343
2026-04-29T17:00:00+00:00,406.60999999999973,407.4999999999998,406.0599999999997,407.2999999999997,1086
2026-04-29T17:30:00+00:00,407.2999999999997,409.2399999999997,407.28999999999974,409.09999999999974,1110
2026-04-29T18:00:00+00:00,409.09999999999974,409.27999999999975,406.1799999999997,407.21999999999974,1147
2026-04-29T18:30:00+00:00,407.21999999999974,409.14999999999975,406.40999999999974,408.9899999999997,1153
2026-04-29T19:00:00+00:00,408.9899999999997,413.47999999999973,408.4899999999997,412.77999999999975,1737
2026-04-29T19:30:00+00:00,412.77999999999975,414.7399999999997,412.45999999999975,414.35999999999973,2434
2026-04-30T13:30:00+00:00,414.35999999999973,427.13999999999976,414.35999999999973,420.16999999999973,1495
2026-04-30T14:00:00+00:00,420.16999999999973,423.06999999999977,416.4299999999997,416.4299999999997,1996
2026-04-30T14:30:00+00:00,416.4299999999997,419.45999999999975,413.08999999999975,418.76999999999975,2253
2026-04-30T15:00:00+00:00,418.76999999999975,422.3099999999997,418.76999999999975,420.65999999999974,2213
2026-04-30T15:30:00+00:00,420.65999999999974,422.81999999999977,420.40999999999974,421.7499999999998,1614
2026-04-30T16:00:00+00:00,421.7499999999998,423.35999999999973,420.9999999999998,422.66999999999973,1497
2026-04-30T16:30:00+00:00,422.66999999999973,423.07999999999976,420.96999999999974,422.31999999999977,1423
2026-04-30T17:00:00+00:00,422.31999999999977,423.47999999999973,422.08999999999975,423.43999999999977,1485
2026-04-30T17:30:00+00:00,423.43999999999977,425.89999999999975,423.3699999999997,425.7499999999998,1833
2026-04-30T18:00:00+00:00,425.7499999999998,426.34999999999974,424.45999999999975,424.6199999999997,1569
2026-04-30T18:30:00+00:00,424.6199999999997,425.03999999999974,423.95999999999975,424.20999999999975,1404
2026-04-30T19:00:00+00:00,424.20999999999975,426.45999999999975,423.72999999999973,424.35999999999973,1714
2026-04-30T19:30:00+00:00,424.35999999999973,426.93999999999977,423.85999999999973,426.4899999999997,3007
2026-05-01T13:30:00+00:00,426.4899999999997,430.94999999999976,422.31999999999977,429.9299999999997,2050
2026-05-01T14:00:00+00:00,429.9299999999997,430.0599999999997,427.78999999999974,429.50999999999976,2840
2026-05-01T14:30:00+00:00,429.50999999999976,429.50999999999976,425.15999999999974,428.63999999999976,2497.7875580315695
2026-05-01T15:00:00+00:00,428.63999999999976,430.72999999999973,427.88999999999976,430.59999999999974,2464
2026-05-01T15:30:00+00:00,430.59999999999974,430.91999999999973,428.7399999999998,430.7399999999998,2023
2026-05-01T16:00:00+00:00,430.7399999999998,430.88999999999976,428.72999999999973,428.85999999999973,1902
2026-05-01T16:30:00+00:00,428.85999999999973,429.3699999999998,428.58999999999975,428.94999999999976,1863
2026-05-01T17:00:00+00:00,428.94999999999976,430.26999999999975,428.72999999999973,430.20999999999975,1638
2026-05-01T17:30:00+00:00,430.20999999999975,432.09999999999974,430.20999999999975,430.7399999999998,1549
2026-05-01T18:00:00+00:00,430.7399999999998,431.69999999999976,430.72999999999973,431.28999999999974,1696
2026-05-01T18:30:00+00:00,431.28999999999974,431.44999999999976,429.81999999999977,431.3699999999998,1811
2026-05-01T19:00:00+00:00,431.3699999999998,431.93999999999977,430.69999999999976,431.65999999999974,1873
2026-05-01T19:30:00+00:00,431.65999999999974,431.75999999999976,428.58999999999975,430.40999999999974,2367
2026-05-04T13:30:00+00:00,430.40999999999974,432.7499999999998,425.85999999999973,429.89999999999975,2162
2026-05-04T14:00:00+00:00,429.89999999999975,430.10999999999973,424.8099999999998,424.87999999999977,2574
2026-05-04T14:30:00+00:00,424.87999999999977,426.94999999999976,424.2399999999998,425.50999999999976,2862
2026-05-04T15:00:00+00:00,425.50999999999976,426.65999999999974,421.7999999999997,423.19999999999976,3557
2026-05-04T15:30:00+00:00,423.19999999999976,423.45999999999975,419.7999999999997,421.4899999999998,2924
2026-05-04T16:00:00+00:00,421.4899999999998,421.53999999999974,418.46999999999974,420.82999999999976,2482
2026-05-04T16:30:00+00:00,420.82999999999976,421.19999999999976,419.19999999999976,420.2399999999998,2337
2026-05-04T17:00:00+00:00,420.2399999999998,422.97999999999973,420.07999999999976,422.1799999999998,2306
2026-05-04T17:30:00+00:00,422.1799999999998,422.26999999999975,420.9999999999998,421.35999999999973,1989
2026-05-04T18:00:00+00:00,421.35999999999973,422.4999999999998,421.21999999999974,422.41999999999973,1891
2026-05-04T18:30:00+00:00,422.41999999999973,423.9299999999998,421.5599999999998,423.87999999999977,1570
2026-05-04T19:00:00+00:00,423.87999999999977,425.03999999999974,423.6199999999998,425.03999999999974,1860
2026-05-04T19:30:00+00:00,425.03999999999974,426.0499999999997,423.25999999999976,425.38999999999976,2659
2026-05-05T13:30:00+00:00,425.38999999999976,435.41999999999973,425.38999999999976,431.95999999999975,3059
2026-05-05T14:00:00+00:00,431.95999999999975,432.27999999999975,428.26999999999975,430.85999999999973,3018
2026-05-05T14:30:00+00:00,430.85999999999973,433.33999999999975,430.1799999999998,432.90999999999974,2669
2026-05-05T15:00:00+00:00,432.90999999999974,437.8099999999998,432.58999999999975,436.51999999999975,3342
2026-05-05T15:30:00+00:00,436.51999999999975,437.82999999999976,434.69999999999976,435.56999999999977,2360
2026-05-05T16:00:00+00:00,435.56999999999977,440.25999999999976,435.4299999999998,438.71999999999974,2404
2026-05-05T16:30:00+00:00,438.71999999999974,440.10999999999973,437.94999999999976,438.7399999999998,2052
2026-05-05T17:00:00+00:00,438.7399999999998,440.69999999999976,438.60999999999973,440.46999999999974,1846
2026-05-05T17:30:00+00:00,440.46999999999974,441.39999999999975,440.0599999999998,440.90999999999974,1750
2026-05-05T18:00:00+00:00,440.90999999999974,442.22999999999973,439.57999999999976,439.70999999999975,1790
2026-05-05T18:30:00+00:00,439.70999999999975,441.1799999999998,439.5499999999997,439.63999999999976,1672
2026-05-05T19:00:00+00:00,439.63999999999976,440.3099999999998,439.01999999999975,439.14999999999975,1774
2026-05-05T19:30:00+00:00,439.14999999999975,439.26999999999975,435.63999999999976,436.63999999999976,2785
2026-05-06T13:30:00+00:00,436.63999999999976,446.45999999999975,435.82999999999976,436.31999999999977,2625
2026-05-06T14:00:00+00:00,436.31999999999977,437.01999999999975,426.75999999999976,429.14999999999975,3131
2026-05-06T14:30:00+00:00,429.14999999999975,432.83999999999975,429.00999999999976,431.89999999999975,3947.5480830670926
2026-05-06T15:00:00+00:00,431.89999999999975,434.09999999999974,431.14999999999975,432.5499999999998,3069
2026-05-06T15:30:00+00:00,432.5499999999998,432.7399999999998,429.82999999999976,430.8699999999998,2870
2026-05-06T16:00:00+00:00,430.8699999999998,433.44999999999976,430.64999999999975,431.46999999999974,1738
2026-05-06T16:30:00+00:00,431.46999999999974,432.7299999999998,430.0499999999998,430.34999999999974,1447
2026-05-06T17:00:00+00:00,430.34999999999974,430.88999999999976,429.5599999999998,430.28999999999974,1389
2026-05-06T17:30:00+00:00,430.28999999999974,430.81999999999977,428.81999999999977,429.33999999999975,1633
2026-05-06T18:00:00+00:00,429.33999999999975,431.45999999999975,429.0499999999998,431.18999999999977,1683
2026-05-06T18:30:00+00:00,431.18999999999977,432.03999999999974,430.44999999999976,430.94999999999976,1636
2026-05-06T19:00:00+00:00,430.94999999999976,431.8699999999998,429.93999999999977,431.57999999999976,2129
2026-05-06T19:30:00+00:00,431.57999999999976,434.4999999999998,430.6799999999998,434.37999999999977,3939
2026-05-07T13:30:00+00:00,434.37999999999977,434.37999999999977,423.5599999999998,425.9899999999998,2609
2026-05-07T14:00:00+00:00,425.9899999999998,433.03999999999974,425.76999999999975,432.76999999999975,2276
2026-05-07T14:30:00+00:00,432.76999999999975,435.33999999999975,430.7499999999998,431.8699999999998,2242
2026-05-07T15:00:00+00:00,431.8699999999998,432.08999999999975,429.78999999999974,430.18999999999977,1926
2026-05-07T15:30:00+00:00,430.18999999999977,431.43999999999977,428.0499999999998,428.4199999999998,1722
2026-05-07T16:00:00+00:00,428.4199999999998,428.4299999999998,425.63999999999976,426.88999999999976,2144
2026-05-07T16:30:00+00:00,426.88999999999976,428.00999999999976,425.84999999999974,426.6699999999998,1782
2026-05-07T17:00:00+00:00,426.6699999999998,426.83999999999975,422.64999999999975,423.64999999999975,2351
2026-05-07T17:30:00+00:00,423.64999999999975,424.39999999999975,422.40999999999974,423.78999999999974,2067
2026-05-07T18:00:00+00:00,423.78999999999974,424.45999999999975,415.2399999999998,416.81999999999977,1459
2026-05-07T18:30:00+00:00,416.81999999999977,421.69999999999976,416.81999999999977,421.6799999999998,1190
2026-05-07T19:00:00+00:00,421.6799999999998,422.94999999999976,420.4999999999998,421.50999999999976,1551
2026-05-07T19:30:00+00:00,421.50999999999976,424.7999999999998,421.07999999999976,421.70999999999975,2781
2026-05-08T13:30:00+00:00,421.70999999999975,432.51999999999975,421.70999999999975,430.82999999999976,1595
2026-05-08T14:00:00+00:00,430.82999999999976,432.7999999999998,430.0599999999998,430.1199999999998,2063
2026-05-08T14:30:00+00:00,430.1199999999998,433.06999999999977,429.53999999999974,432.5499999999997,1888.5647658954272
2026-05-08T15:00:00+00:00,432.5499999999997,433.3999999999997,430.7999999999997,432.6199999999997,1845
2026-05-08T15:30:00+00:00,432.6199999999997,434.4499999999997,431.3099999999997,433.9499999999997,1819
2026-05-08T16:00:00+00:00,433.9499999999997,439.1499999999997,433.9499999999997,438.7599999999997,1960
2026-05-08T16:30:00+00:00,438.7599999999997,440.0999999999997,437.1899999999997,438.85999999999973,1926
2026-05-08T17:00:00+00:00,438.85999999999973,443.8799999999997,438.2499999999997,439.2499999999997,2106
2026-05-08T17:30:00+00:00,439.2499999999997,439.2499999999997,435.6399999999997,435.97999999999973,1548
2026-05-08T18:00:00+00:00,435.97999999999973,437.85999999999973,435.9499999999997,437.4099999999997,1380
2026-05-08T18:30:00+00:00,437.4099999999997,437.7099999999997,435.9899999999997,436.9499999999997,1492
2026-05-08T19:00:00+00:00,436.9499999999997,438.6799999999997,436.4599999999997,436.5499999999997,1546
2026-05-08T19:30:00+00:00,436.5499999999997,439.2599999999997,436.1399999999997,438.9399999999997,2455
2026-05-11T13:30:00+00:00,438.9399999999997,442.4599999999997,434.8799999999997,439.2399999999997,1231
2026-05-11T14:00:00+00:00,439.2399999999997,440.2199999999997,435.2499999999997,435.3799999999997,1586
2026-05-11T14:30:00+00:00,435.3799999999997,439.7599999999997,433.9899999999997,439.10999999999973,1682
2026-05-11T15:00:00+00:00,439.10999999999973,440.2399999999997,438.2799999999997,439.1799999999997,1308
2026-05-11T15:30:00+00:00,439.1799999999997,440.16999999999973,438.4399999999997,438.7999999999997,1095
2026-05-11T16:00:00+00:00,438.7999999999997,439.22999999999973,437.7399999999997,438.1999999999997,1025
2026-05-11T16:30:00+00:00,438.1999999999997,438.2199999999997,435.6999999999997,438.0599999999997,1049
2026-05-11T17:00:00+00:00,438.0599999999997,439.16999999999973,437.7199999999997,438.6399999999997,948
2026-05-11T17:30:00+00:00,438.6399999999997,439.1899999999997,437.8099999999997,438.0099999999997,921
2026-05-11T18:00:00+00:00,438.0099999999997,438.9999999999997,437.7899999999997,438.7199999999997,1063
2026-05-11T18:30:00+00:00,438.7199999999997,438.7199999999997,436.9399999999997,437.5799999999997,1042
2026-05-11T19:00:00+00:00,437.5799999999997,438.0799999999997,435.4099999999997,436.3999999999997,1376
2026-05-11T19:30:00+00:00,436.3999999999997,438.0299999999997,436.2099999999997,437.3899999999997,2645
2026-05-12T13:30:00+00:00,437.3899999999997,438.16999999999973,427.6799999999997,433.6899999999997,1465
2026-05-12T14:00:00+00:00,433.6899999999997,435.9399999999997,432.0399999999997,432.0899999999997,1433
2026-05-12T14:30:00+00:00,432.0899999999997,432.3799999999997,427.9399999999997,427.9599999999997,1345
2026-05-12T15:00:00+00:00,427.9599999999997,428.5299999999997,421.3699999999997,421.91999999999973,1986
2026-05-12T15:30:00+00:00,421.91999999999973,425.3699999999997,421.1799999999997,421.3199999999997,1283
2026-05-12T16:00:00+00:00,421.3199999999997,422.4999999999997,419.6499999999997,419.66999999999973,1474
2026-05-12T16:30:00+00:00,419.66999999999973,419.9399999999997,417.47999999999973,417.72999999999973,1696
2026-05-12T17:00:00+00:00,417.72999999999973,421.7999999999997,417.3399999999997,420.2599999999997,1636
2026-05-12T17:30:00+00:00,420.2599999999997,422.0799999999997,420.1299999999997,421.4099999999997,1327
2026-05-12T18:00:00+00:00,421.4099999999997,424.4999999999997,420.7099999999997,424.0799999999997,1510
2026-05-12T18:30:00+00:00,424.0799999999997,424.4999999999997,422.5199999999997,422.9599999999997,1259
2026-05-12T19:00:00+00:00,422.9599999999997,425.7199999999997,422.8999999999997,425.35999999999973,1237
2026-05-12T19:30:00+00:00,425.35999999999973,428.97999999999973,425.35999999999973,428.3699999999997,2487
2026-05-13T13:30:00+00:00,428.3699999999997,428.3699999999997,413.72999999999973,417.1199999999997,1570
2026-05-13T14:00:00+00:00,417.1199999999997,421.0999999999997,416.5499999999997,420.4499999999997,1214
2026-05-13T14:30:00+00:00,420.4499999999997,423.5399999999997,419.2699999999997,422.71999999999974,1501.1082327892123
2026-05-13T15:00:00+00:00,422.71999999999974,423.75999999999976,421.9299999999998,422.16999999999973,1439
2026-05-13T15:30:00+00:00,422.16999999999973,423.72999999999973,421.12999999999977,423.50999999999976,1395
2026-05-13T16:00:00+00:00,423.50999999999976,425.38999999999976,423.2499999999998,424.65999999999974,1397
2026-05-13T16:30:00+00:00,424.65999999999974,424.7999999999997,423.44999999999976,424.56999999999977,1057
2026-05-13T17:00:00+00:00,424.56999999999977,426.46999999999974,424.5599999999998,426.44999999999976,1086
2026-05-13T17:30:00+00:00,426.44999999999976,426.77999999999975,425.46999999999974,425.47999999999973,1008
2026-05-13T18:00:00+00:00,425.47999999999973,426.66999999999973,425.44999999999976,426.32999999999976,975
2026-05-13T18:30:00+00:00,426.32999999999976,427.15999999999974,424.81999999999977,424.84999999999974,1165
2026-05-13T19:00:00+00:00,424.84999999999974,427.5599999999998,424.44999999999976,426.94999999999976,1285
2026-05-13T19:30:00+00:00,426.94999999999976,427.3699999999998,424.47999999999973,425.84999999999974,2408
2026-05-14T13:30:00+00:00,425.84999999999974,443.47999999999973,424.94999999999976,436.15999999999974,1307
2026-05-14T14:00:00+00:00,436.15999999999974,444.94999999999976,436.02999999999975,443.8699999999998,1223
2026-05-14T14:30:00+00:00,443.8699999999998,446.27999999999975,442.35999999999973,443.57999999999976,1380
2026-05-14T15:00:00+00:00,443.57999999999976,448.1199999999998,442.45999999999975,447.66999999999973,1613
2026-05-14T15:30:00+00:00,447.66999999999973,448.68999999999977,444.12999999999977,444.8699999999998,1092
2026-05-14T16:00:00+00:00,444.8699999999998,445.34999999999974,441.66999999999973,441.87999999999977,1160
2026-05-14T16:30:00+00:00,441.87999999999977,442.4999999999998,440.70999999999975,441.94999999999976,915
2026-05-14T17:00:00+00:00,441.94999999999976,442.6199999999998,440.1199999999998,442.32999999999976,1324
2026-05-14T17:30:00+00:00,442.32999999999976,445.45999999999975,441.56999999999977,444.12999999999977,1425
2026-05-14T18:00:00+00:00,444.12999999999977,445.06999999999977,442.58999999999975,444.84999999999974,1096
2026-05-14T18:30:00+00:00,444.84999999999974,448.47999999999973,444.15999999999974,448.31999999999977,1838
2026-05-14T19:00:00+00:00,448.31999999999977,450.16999999999973,448.08999999999975,449.1799999999998,3567
2026-05-14T19:30:00+00:00,449.1799999999998,451.2499999999998,448.27999999999975,448.8699999999998,2818
2026-05-15T13:30:00+00:00,448.8699999999998,448.8699999999998,431.88999999999976,432.70999999999975,1062
2026-05-15T14:00:00+00:00,432.70999999999975,438.72999999999973,432.69999999999976,435.46999999999974,956
2026-05-15T14:30:00+00:00,435.46999999999974,437.00999999999976,431.44999999999976,431.97999999999973,1194.165685449958
2026-05-15T15:00:00+00:00,431.97999999999973,435.40999999999974,431.07999999999976,434.66999999999973,1893
2026-05-15T15:30:00+00:00,434.66999999999973,436.7499999999998,434.39999999999975,435.7499999999998,1746
2026-05-15T16:00:00+00:00,435.7499999999998,438.06999999999977,435.1799999999998,438.06999999999977,1312
2026-05-15T16:30:00+00:00,438.06999999999977,439.65999999999974,436.93999999999977,437.7499999999998,1379
2026-05-15T17:00:00+00:00,437.7499999999998,438.4999999999998,437.21999999999974,437.95999999999975,1078
2026-05-15T17:30:00+00:00,437.95999999999975,438.68999999999977,436.34999999999974,438.46999999999974,1286
2026-05-15T18:00:00+00:00,438.46999999999974,439.27999999999975,436.4999999999998,436.76999999999975,1960
2026-05-15T18:30:00+00:00,436.76999999999975,436.82999999999976,434.9299999999998,436.56999999999977,1350
2026-05-15T19:00:00+00:00,436.56999999999977,436.9299999999998,434.71999999999974,435.8099999999998,1542
2026-05-15T19:30:00+00:00,435.8099999999998,436.66999999999973,433.78999999999974,434.7499999999998,3039
2026-05-18T13:30:00+00:00,434.7499999999998,434.7499999999998,425.28999999999974,427.31999999999977,1152
2026-05-18T14:00:00+00:00,427.31999999999977,429.07999999999976,424.0599999999998,425.62999999999977,968
2026-05-18T14:30:00+00:00,425.62999999999977,428.8699999999998,424.1199999999998,428.44999999999976,1103
2026-05-18T15:00:00+00:00,428.44999999999976,430.39999999999975,426.63999999999976,426.87999999999977,1202
2026-05-18T15:30:00+00:00,426.87999999999977,428.15999999999974,425.81999999999977,426.77999999999975,955
2026-05-18T16:00:00+00:00,426.77999999999975,429.27999999999975,424.34999999999974,424.71999999999974,855
2026-05-18T16:30:00+00:00,424.71999999999974,429.87999999999977,424.07999999999976,428.72999999999973,876
2026-05-18T17:00:00+00:00,428.72999999999973,428.87999999999977,427.13999999999976,428.44999999999976,785
2026-05-18T17:30:00+00:00,428.44999999999976,428.9299999999998,427.39999999999975,428.6099999999998,867
2026-05-18T18:00:00+00:00,428.6099999999998,428.69999999999976,424.8699999999998,426.41999999999973,1208
2026-05-18T18:30:00+00:00,426.41999999999973,427.87999999999977,423.39999999999975,424.83999999999975,1187
2026-05-18T19:00:00+00:00,424.83999999999975,429.65999999999974,424.77999999999975,426.26999999999975,927
2026-05-18T19:30:00+00:00,426.26999999999975,430.50999999999976,426.06999999999977,429.70999999999975,2585
2026-05-19T13:30:00+00:00,429.70999999999975,429.70999999999975,417.06999999999977,419.2499999999998,1124
2026-05-19T14:00:00+00:00,419.2499999999998,420.38999999999976,414.91999999999973,416.4299999999998,2084
2026-05-19T14:30:00+00:00,416.4299999999998,420.89999999999975,415.3599999999998,419.89999999999975,1268
2026-05-19T15:00:00+00:00,419.89999999999975,419.89999999999975,415.57999999999976,418.37999999999977,1000
2026-05-19T15:30:00+00:00,418.37999999999977,420.69999999999976,417.58999999999975,419.4299999999998,1137
2026-05-19T16:00:00+00:00,419.4299999999998,422.25999999999976,418.8699999999998,421.7399999999998,1040
2026-05-19T16:30:00+00:00,421.7399999999998,423.40999999999974,421.2399999999998,421.82999999999976,1192
2026-05-19T17:00:00+00:00,421.82999999999976,425.40999999999974,421.38999999999976,423.2999999999998,1426
2026-05-19T17:30:00+00:00,423.2999999999998,423.77999999999975,421.08999999999975,422.38999999999976,1296
2026-05-19T18:00:00+00:00,422.38999999999976,423.5499999999998,420.78999999999974,421.1199999999998,1138
2026-05-19T18:30:00+00:00,421.1199999999998,421.65999999999974,419.56999999999977,420.13999999999976,1343
2026-05-19T19:00:00+00:00,420.13999999999976,421.3599999999998,418.26999999999975,419.56999999999977,1510
2026-05-19T19:30:00+00:00,419.56999999999977,421.06999999999977,418.1799999999998,419.91999999999973,2086
2026-05-20T13:30:00+00:00,419.91999999999973,426.38999999999976,419.91999999999973,423.21999999999974,1185
2026-05-20T14:00:00+00:00,423.21999999999974,430.26999999999975,421.26999999999975,429.69999999999976,1335
2026-05-20T14:30:00+00:00,429.69999999999976,430.1099999999998,426.96999999999974,429.44999999999976,1043.7727360123054
2026-05-20T15:00:00+00:00,429.44999999999976,433.09999999999974,429.21999999999974,431.0499999999997,1135
2026-05-20T15:30:00+00:00,431.0499999999997,431.50999999999976,429.13999999999976,429.28999999999974,768
2026-05-20T16:00:00+00:00,429.28999999999974,430.0599999999998,427.2399999999997,428.2399999999997,938
2026-05-20T16:30:00+00:00,428.2399999999997,429.09999999999974,426.63999999999976,427.60999999999973,868
2026-05-20T17:00:00+00:00,427.60999999999973,427.87999999999977,426.38999999999976,426.7499999999998,886
2026-05-20T17:30:00+00:00,426.7499999999998,427.89999999999975,426.63999999999976,427.15999999999974,902
2026-05-20T18:00:00+00:00,427.15999999999974,428.26999999999975,426.85999999999973,427.16999999999973,912
2026-05-20T18:30:00+00:00,427.16999999999973,427.83999999999975,426.63999999999976,426.77999999999975,798
2026-05-20T19:00:00+00:00,426.77999999999975,428.43999999999977,426.63999999999976,428.1199999999998,1057
2026-05-20T19:30:00+00:00,428.1199999999998,428.26999999999975,426.14999999999975,426.50999999999976,2211
2026-05-21T13:30:00+00:00,426.50999999999976,430.50999999999976,422.22999999999973,430.0499999999997,960
2026-05-21T14:00:00+00:00,430.0499999999997,431.28999999999974,424.13999999999976,424.15999999999974,1263
2026-05-21T14:30:00+00:00,424.15999999999974,425.59999999999974,423.63999999999976,423.89999999999975,985
2026-05-21T15:00:00+00:00,423.89999999999975,424.06999999999977,419.87999999999977,423.2499999999998,1170
2026-05-21T15:30:00+00:00,423.2499999999998,424.3699999999998,422.31999999999977,423.63999999999976,934
2026-05-21T16:00:00+00:00,423.63999999999976,424.84999999999974,421.83999999999975,422.02999999999975,852
2026-05-21T16:30:00+00:00,422.02999999999975,422.65999999999974,421.03999999999974,421.34999999999974,801
2026-05-21T17:00:00+00:00,421.34999999999974,423.57999999999976,420.70999999999975,422.2499999999998,1083
2026-05-21T17:30:00+00:00,422.2499999999998,425.0499999999997,422.2499999999998,423.68999999999977,895
2026-05-21T18:00:00+00:00,423.68999999999977,424.18999999999977,422.2399999999997,422.64999999999975,1142
2026-05-21T18:30:00+00:00,422.64999999999975,422.88999999999976,419.60999999999973,420.85999999999973,1276
2026-05-21T19:00:00+00:00,420.85999999999973,423.10999999999973,420.34999999999974,422.33999999999975,1225
2026-05-21T19:30:00+00:00,422.33999999999975,424.32999999999976,420.64999999999975,423.83999999999975,2177
2026-05-22T13:30:00+00:00,423.83999999999975,428.77999999999975,423.83999999999975,424.9899999999997,735
2026-05-22T14:00:00+00:00,424.9899999999997,424.9999999999998,419.33999999999975,420.65999999999974,1102
2026-05-22T14:30:00+00:00,420.65999999999974,422.82999999999976,419.8099999999998,422.77999999999975,863.9713382983525
2026-05-22T15:00:00+00:00,422.77999999999975,424.4299999999997,422.47999999999973,424.31999999999977,843
2026-05-22T15:30:00+00:00,424.31999999999977,424.31999999999977,421.6799999999997,421.88999999999976,783
2026-05-22T16:00:00+00:00,421.88999999999976,423.06999999999977,421.28999999999974,422.95999999999975,624
2026-05-22T16:30:00+00:00,422.95999999999975,423.26999999999975,422.1799999999997,422.89999999999975,672
2026-05-22T17:00:00+00:00,422.89999999999975,423.56999999999977,422.07999999999976,423.52999999999975,631
2026-05-22T17:30:00+00:00,423.52999999999975,423.8799999999997,421.95999999999975,422.01999999999975,588
2026-05-22T18:00:00+00:00,422.01999999999975,422.97999999999973,421.52999999999975,421.8099999999997,660
2026-05-22T18:30:00+00:00,421.8099999999997,422.75999999999976,420.97999999999973,422.4299999999997,906
2026-05-22T19:00:00+00:00,422.4299999999997,422.4299999999997,420.9899999999997,421.50999999999976,926
2026-05-22T19:30:00+00:00,421.50999999999976,423.8699999999997,420.64999999999975,423.33999999999975,1599
2026-05-26T13:30:00+00:00,423.33999999999975,439.4399999999997,423.33999999999975,437.16999999999973,1733
2026-05-26T14:00:00+00:00,437.16999999999973,443.83999999999975,436.5499999999997,443.83999999999975,1571
2026-05-26T14:30:00+00:00,443.83999999999975,444.4899999999997,439.78999999999974,439.78999999999974,1309
2026-05-26T15:00:00+00:00,439.78999999999974,439.89999999999975,433.94999999999976,434.07999999999976,1126
2026-05-26T15:30:00+00:00,434.07999999999976,434.08999999999975,431.07999999999976,431.96999999999974,909
2026-05-26T16:00:00+00:00,431.96999999999974,433.6799999999997,430.33999999999975,432.14999999999975,940
2026-05-26T16:30:00+00:00,432.14999999999975,432.21999999999974,430.52999999999975,431.63999999999976,963
2026-05-26T17:00:00+00:00,431.63999999999976,433.25999999999976,431.1299999999997,431.5499999999997,921
2026-05-26T17:30:00+00:00,431.5499999999997,432.63999999999976,431.16999999999973,431.6899999999997,879
2026-05-26T18:00:00+00:00,431.6899999999997,432.27999999999975,430.91999999999973,431.0499999999997,770
2026-05-26T18:30:00+00:00,431.0499999999997,431.56999999999977,430.6799999999997,431.1899999999997,946
2026-05-26T19:00:00+00:00,431.1899999999997,432.8699999999997,430.77999999999975,432.06999999999977,1299
2026-05-26T19:30:00+00:00,432.06999999999977,433.81999999999977,430.65999999999974,430.85999999999973,2440
2026-05-27T13:30:00+00:00,430.85999999999973,441.78999999999974,430.85999999999973,437.51999999999975,1219
2026-05-27T14:00:00+00:00,437.51999999999975,437.6899999999997,425.75999999999976,425.96999999999974,1522
2026-05-27T14:30:00+00:00,425.96999999999974,429.90999999999974,425.96999999999974,427.40999999999974,1355.8211529732184
2026-05-27T15:00:00+00:00,427.40999999999974,429.91999999999973,426.65999999999974,429.40999999999974,1091
2026-05-27T15:30:00+00:00,429.40999999999974,430.4299999999997,425.77999999999975,426.75999999999976,1097
2026-05-27T16:00:00+00:00,426.75999999999976,428.8699999999998,426.16999999999973,428.14999999999975,1003
2026-05-27T16:30:00+00:00,428.14999999999975,431.22999999999973,427.88999999999976,429.02999999999975,1009
2026-05-27T17:00:00+00:00,429.02999999999975,430.65999999999974,427.43999999999977,430.64999999999975,695
2026-05-27T17:30:00+00:00,430.64999999999975,431.47999999999973,429.57999999999976,429.9899999999997,782
2026-05-27T18:00:00+00:00,429.9899999999997,430.63999999999976,429.50999999999976,430.59999999999974,928
2026-05-27T18:30:00+00:00,430.59999999999974,430.6199999999998,428.95999999999975,429.44999999999976,853
2026-05-27T19:00:00+00:00,429.44999999999976,432.7499999999998,429.21999999999974,432.4899999999997,1209
2026-05-27T19:30:00+00:00,432.4899999999997,433.6799999999997,429.95999999999975,431.33999999999975,2440
2026-05-28T13:30:00+00:00,431.33999999999975,433.2399999999997,423.08999999999975,428.9999999999998,1603
2026-05-28T14:00:00+00:00,428.9999999999998,431.27999999999975,425.85999999999973,427.01999999999975,1544
2026-05-28T14:30:00+00:00,427.01999999999975,432.32999999999976,427.01999999999975,432.32999999999976,1290
2026-05-28T15:00:00+00:00,432.32999999999976,434.47999999999973,431.85999999999973,432.51999999999975,1503
2026-05-28T15:30:00+00:00,432.51999999999975,434.81999999999977,432.2999999999997,434.72999999999973,1226
2026-05-28T16:00:00+00:00,434.72999999999973,436.44999999999976,433.72999999999973,435.37999999999977,1115
2026-05-28T16:30:00+00:00,435.37999999999977,436.9899999999997,434.0599999999998,435.4299999999997,1049
2026-05-28T17:00:00+00:00,435.4299999999997,437.34999999999974,434.91999999999973,437.00999999999976,1105
2026-05-28T17:30:00+00:00,437.00999999999976,437.81999999999977,435.9299999999997,437.41999999999973,1057
2026-05-28T18:00:00+00:00,437.41999999999973,438.70999999999975,437.12999999999977,437.97999999999973,1050
2026-05-28T18:30:00+00:00,437.97999999999973,438.00999999999976,435.38999999999976,435.40999999999974,1277
2026-05-28T19:00:00+00:00,435.40999999999974,437.6199999999998,434.32999999999976,434.34999999999974,1393
2026-05-28T19:30:00+00:00,434.34999999999974,436.4299999999997,434.26999999999975,435.6199999999998,2771
2026-05-29T13:30:00+00:00,435.6199999999998,457.46999999999974,435.6199999999998,453.77999999999975,2236
2026-05-29T14:00:00+00:00,453.77999999999975,455.08999999999975,447.08999999999975,448.4999999999998,1935
2026-05-29T14:30:00+00:00,448.4999999999998,448.72999999999973,443.6199999999998,446.1499999999998,1727.2532320952187
2026-05-29T15:00:00+00:00,446.1499999999998,451.24999999999983,446.1299999999998,448.6899999999998,1515
2026-05-29T15:30:00+00:00,448.6899999999998,448.98999999999984,447.3299999999998,447.5199999999998,1209
2026-05-29T16:00:00+00:00,447.5199999999998,449.90999999999985,447.5199999999998,449.1999999999998,1145
2026-05-29T16:30:00+00:00,449.1999999999998,450.27999999999986,448.11999999999983,448.24999999999983,1290
2026-05-29T17:00:00+00:00,448.24999999999983,448.91999999999985,446.3299999999998,446.5099999999998,1219
2026-05-29T17:30:00+00:00,446.5099999999998,446.61999999999983,443.0899999999998,444.11999999999983,1529
2026-05-29T18:00:00+00:00,444.11999999999983,445.48999999999984,443.8299999999998,445.11999999999983,1170
2026-05-29T18:30:00+00:00,445.11999999999983,445.6299999999998,444.2599999999998,444.6999999999998,1168
2026-05-29T19:00:00+00:00,444.6999999999998,447.3299999999998,444.3399999999998,447.2599999999998,1349
2026-05-29T19:30:00+00:00,447.2599999999998,457.6999999999998,447.2099999999998,455.96999999999986,3335
2026-06-01T13:30:00+00:00,455.96999999999986,465.09999999999985,451.8299999999998,456.8999999999998,1776
2026-06-01T14:00:00+00:00,456.8999999999998,462.1299999999998,454.99999999999983,460.0699999999998,1791
2026-06-01T14:30:00+00:00,460.0699999999998,469.30999999999983,459.91999999999985,464.30999999999983,2163
2026-06-01T15:00:00+00:00,464.30999999999983,467.35999999999984,463.48999999999984,465.09999999999985,1423
2026-06-01T15:30:00+00:00,465.09999999999985,468.72999999999985,465.09999999999985,467.7699999999998,1515
2026-06-01T16:00:00+00:00,467.7699999999998,472.0099999999998,467.7699999999998,471.0099999999998,1627
2026-06-01T16:30:00+00:00,471.0099999999998,472.4599999999998,469.6499999999998,470.96999999999986,1412
2026-06-01T17:00:00+00:00,470.96999999999986,471.0099999999998,468.6899999999998,469.49999999999983,1147
2026-06-01T17:30:00+00:00,469.49999999999983,474.96999999999986,469.2099999999998,472.7699999999998,1623
2026-06-01T18:00:00+00:00,472.7699999999998,473.2099999999998,467.71999999999986,470.1499999999998,1728
2026-06-01T18:30:00+00:00,470.1499999999998,471.98999999999984,469.34999999999985,470.99999999999983,1532
2026-06-01T19:00:00+00:00,470.99999999999983,471.5699999999998,468.09999999999985,468.1899999999998,1633
2026-06-01T19:30:00+00:00,468.1899999999998,469.5099999999998,465.36999999999983,469.1499999999998,2986
2026-06-02T13:30:00+00:00,469.1499999999998,497.66999999999985,469.1499999999998,489.9399999999998,1821
2026-06-02T14:00:00+00:00,489.9399999999998,491.66999999999985,486.59999999999985,488.23999999999984,2092
2026-06-02T14:30:00+00:00,488.23999999999984,489.99999999999983,486.7699999999998,488.84999999999985,1765
2026-06-02T15:00:00+00:00,488.84999999999985,491.77999999999986,484.5199999999998,489.53999999999985,2091
2026-06-02T15:30:00+00:00,489.53999999999985,493.1899999999998,488.5899999999998,492.6399999999998,1643
2026-06-02T16:00:00+00:00,492.6399999999998,494.60999999999984,491.72999999999985,491.92999999999984,1450
2026-06-02T16:30:00+00:00,491.92999999999984,492.48999999999984,487.98999999999984,488.6499999999998,1284
2026-06-02T17:00:00+00:00,488.6499999999998,488.66999999999985,483.98999999999984,484.0099999999998,1356
2026-06-02T17:30:00+00:00,484.0099999999998,487.6399999999998,483.98999999999984,484.41999999999985,1282
2026-06-02T18:00:00+00:00,484.41999999999985,484.65999999999985,479.3799999999998,481.97999999999985,1651
2026-06-02T18:30:00+00:00,481.97999999999985,483.8999999999998,480.11999999999983,482.29999999999984,1782
2026-06-02T19:00:00+00:00,482.29999999999984,487.15999999999985,482.2699999999998,485.3999999999998,1883
2026-06-02T19:30:00+00:00,485.3999999999998,491.7699999999998,484.78999999999985,490.92999999999984,3111
2026-06-03T13:30:00+00:00,490.92999999999984,503.67999999999984,481.59999999999985,486.98999999999984,2374
2026-06-03T14:00:00+00:00,486.98999999999984,495.4399999999998,485.6299999999998,495.40999999999985,2154
2026-06-03T14:30:00+00:00,495.40999999999985,497.4399999999998,492.8399999999998,494.7399999999998,1910.3149384885764
2026-06-03T15:00:00+00:00,494.7399999999998,498.31999999999977,494.4299999999998,496.9899999999998,1806
2026-06-03T15:30:00+00:00,496.9899999999998,498.4999999999998,492.81999999999977,494.72999999999973,1500
2026-06-03T16:00:00+00:00,494.72999999999973,495.28999999999974,492.00999999999976,493.21999999999974,1579
2026-06-03T16:30:00+00:00,493.21999999999974,495.58999999999975,491.2499999999998,495.58999999999975,1887
2026-06-03T17:00:00+00:00,495.58999999999975,495.93999999999977,491.00999999999976,493.64999999999975,1755
2026-06-03T17:30:00+00:00,493.64999999999975,496.14999999999975,492.60999999999973,495.5599999999998,1547
2026-06-03T18:00:00+00:00,495.5599999999998,497.75999999999976,494.37999999999977,497.64999999999975,1525
2026-06-03T18:30:00+00:00,497.64999999999975,498.13999999999976,495.2999999999998,496.13999999999976,1817
2026-06-03T19:00:00+00:00,496.13999999999976,498.94999999999976,493.7499999999998,495.09999999999974,2249
2026-06-03T19:30:00+00:00,495.09999999999974,495.72999999999973,486.06999999999977,486.07999999999976,3969
2026-06-04T13:30:00+00:00,486.07999999999976,486.07999999999976,412.01999999999975,413.02999999999975,5318
2026-06-04T14:00:00+00:00,413.02999999999975,418.60999999999973,412.70999999999975,414.72999999999973,5095
2026-06-04T14:30:00+00:00,414.72999999999973,421.3099999999998,414.5599999999998,417.38999999999976,4651
2026-06-04T15:00:00+00:00,417.38999999999976,423.6799999999998,415.9299999999998,422.26999999999975,4390
2026-06-04T15:30:00+00:00,422.26999999999975,423.95999999999975,417.00999999999976,417.06999999999977,3962
2026-06-04T16:00:00+00:00,417.06999999999977,419.7399999999998,416.32999999999976,418.85999999999973,3652
2026-06-04T16:30:00+00:00,418.85999999999973,424.40999999999974,417.00999999999976,424.1799999999998,3537
2026-06-04T17:00:00+00:00,424.1799999999998,431.1799999999998,423.50999999999976,429.12999999999977,3915
2026-06-04T17:30:00+00:00,429.12999999999977,433.18999999999977,428.22999999999973,432.62999999999977,3609
2026-06-04T18:00:00+00:00,432.62999999999977,435.3099999999998,426.22999999999973,427.1199999999998,3950
2026-06-04T18:30:00+00:00,427.1199999999998,429.08999999999975,424.7399999999998,425.06999999999977,3544
2026-06-04T19:00:00+00:00,425.06999999999977,430.02999999999975,423.75999999999976,430.00999999999976,3688
2026-06-04T19:30:00+00:00,430.00999999999976,432.4299999999998,426.93999999999977,428.20999999999975,5579
2026-06-05T13:30:00+00:00,428.20999999999975,428.20999999999975,408.97999999999973,410.34999999999974,4106.421746575343
2026-06-05T14:00:00+00:00,410.34999999999974,413.09999999999974,406.1099999999997,409.13999999999965,4832.086127442084
2026-06-05T14:30:00+00:00,409.13999999999965,411.9299999999997,406.9699999999997,407.7299999999997,3778.3661288924186
2026-06-05T15:00:00+00:00,407.7299999999997,408.26999999999964,402.6499999999996,403.7899999999996,3896.4325877331007
2026-06-05T15:30:00+00:00,403.7899999999996,404.1499999999996,400.7599999999996,401.1399999999996,3671
2026-06-05T16:00:00+00:00,401.1399999999996,401.15999999999957,397.9999999999996,399.7099999999996,3656
2026-06-05T16:30:00+00:00,399.7099999999996,401.3299999999996,397.6499999999996,400.7599999999996,3667
2026-06-05T17:00:00+00:00,400.7599999999996,402.8099999999996,399.2499999999996,401.3299999999996,2782
2026-06-05T17:30:00+00:00,401.3299999999996,403.15999999999957,399.8299999999996,400.2499999999996,2305
2026-06-05T18:00:00+00:00,400.2499999999996,400.4499999999996,395.2599999999996,396.2499999999996,3592
2026-06-05T18:30:00+00:00,396.2499999999996,396.8699999999996,392.6499999999996,394.2699999999996,4107
2026-06-05T19:00:00+00:00,394.2699999999996,395.1999999999996,392.1099999999996,395.1699999999996,3886
2026-06-05T19:30:00+00:00,395.1699999999996,396.3299999999996,391.3999999999996,392.0199999999996,4843
2026-06-08T13:30:00+00:00,392.0199999999996,408.2299999999996,392.0199999999996,397.9199999999996,2547
2026-06-08T14:00:00+00:00,397.9199999999996,401.5699999999996,396.9499999999996,400.8299999999996,2234
2026-06-08T14:30:00+00:00,400.8299999999996,404.9999999999996,400.6399999999996,403.4199999999996,2341
2026-06-08T15:00:00+00:00,403.4199999999996,404.9299999999996,403.0499999999996,403.3999999999996,2289
2026-06-08T15:30:00+00:00,403.3999999999996,405.5699999999996,402.1199999999996,402.5099999999996,1950
2026-06-08T16:00:00+00:00,402.5099999999996,403.6799999999996,401.4199999999996,401.4299999999996,1886
2026-06-08T16:30:00+00:00,401.4299999999996,402.8899999999996,399.65999999999957,402.0199999999996,2196
2026-06-08T17:00:00+00:00,402.0199999999996,402.0199999999996,400.2899999999996,400.6499999999996,1555
2026-06-08T17:30:00+00:00,400.6499999999996,400.7599999999996,398.7499999999996,400.3299999999996,1602
2026-06-08T18:00:00+00:00,400.3299999999996,401.2699999999996,400.1499999999996,400.4699999999996,1742
2026-06-08T18:30:00+00:00,400.4699999999996,402.0899999999996,399.9999999999996,401.7199999999996,1994
2026-06-08T19:00:00+00:00,401.7199999999996,401.9999999999996,399.2499999999996,400.9699999999996,1974
2026-06-08T19:30:00+00:00,400.9699999999996,402.7199999999996,400.4699999999996,402.6499999999996,3398
2026-06-09T13:30:00+00:00,402.6499999999996,413.5299999999996,402.6499999999996,404.5799999999996,1991
2026-06-09T14:00:00+00:00,404.5799999999996,405.0099999999996,397.7699999999996,399.0399999999996,2350
2026-06-09T14:30:00+00:00,399.0399999999996,399.2499999999996,391.6899999999996,394.5899999999996,2115
2026-06-09T15:00:00+00:00,394.5899999999996,395.2999999999996,385.4399999999996,385.6499999999996,2207
2026-06-09T15:30:00+00:00,385.6499999999996,389.1399999999996,383.2999999999996,383.5699999999996,1867
2026-06-09T16:00:00+00:00,383.5699999999996,384.6999999999996,378.1299999999996,380.7599999999996,1859
2026-06-09T16:30:00+00:00,380.7599999999996,381.6999999999996,376.0599999999996,380.2399999999996,1592
2026-06-09T17:00:00+00:00,380.2399999999996,388.2099999999996,380.1399999999996,387.4899999999996,1654
2026-06-09T17:30:00+00:00,387.4899999999996,390.9199999999996,386.7499999999996,389.4999999999996,1686
2026-06-09T18:00:00+00:00,389.4999999999996,393.7599999999996,388.6299999999996,393.4699999999996,2146
2026-06-09T18:30:00+00:00,393.4699999999996,397.8399999999996,393.2799999999996,397.3799999999996,1582
2026-06-09T19:00:00+00:00,397.3799999999996,398.5799999999996,392.7499999999996,395.9199999999996,1898
2026-06-09T19:30:00+00:00,395.9199999999996,398.4199999999996,393.3099999999996,397.7899999999996,3025
2026-06-10T13:30:00+00:00,397.7899999999996,397.7899999999996,378.1499999999996,378.4499999999996,3270
2026-06-10T14:00:00+00:00,378.4499999999996,384.3099999999996,377.8999999999996,382.6099999999996,2789
2026-06-10T14:30:00+00:00,382.6099999999996,384.4599999999996,379.40999999999957,380.1099999999996,2290.8908486338005
2026-06-10T15:00:00+00:00,380.1099999999996,381.75999999999965,376.83999999999963,380.08999999999963,2643
2026-06-10T15:30:00+00:00,380.08999999999963,382.1899999999996,377.9999999999996,381.8099999999996,1427
2026-06-10T16:00:00+00:00,381.8099999999996,382.06999999999965,378.39999999999964,379.5399999999996,1403
2026-06-10T16:30:00+00:00,379.5399999999996,381.2399999999996,377.8699999999996,378.3499999999996,1601
2026-06-10T17:00:00+00:00,378.3499999999996,380.5999999999996,377.39999999999964,379.95999999999964,1414
2026-06-10T17:30:00+00:00,379.95999999999964,384.4099999999996,379.58999999999963,384.25999999999965,1621
2026-06-10T18:00:00+00:00,384.25999999999965,385.1699999999996,383.4099999999996,383.7899999999996,1462
2026-06-10T18:30:00+00:00,383.7899999999996,383.8599999999996,378.6899999999996,378.69999999999965,1622
2026-06-10T19:00:00+00:00,378.69999999999965,379.9299999999996,376.70999999999964,377.5999999999996,2144
2026-06-10T19:30:00+00:00,377.5999999999996,379.96999999999963,377.0999999999996,377.7499999999996,4042
2026-06-11T13:30:00+00:00,377.7499999999996,386.00999999999965,376.4799999999996,384.9299999999996,2523
2026-06-11T14:00:00+00:00,384.9299999999996,386.4999999999996,380.2499999999996,383.1899999999996,2348
2026-06-11T14:30:00+00:00,383.1899999999996,384.1199999999996,378.8099999999996,379.19999999999965,2039
2026-06-11T15:00:00+00:00,379.19999999999965,383.26999999999964,378.08999999999963,381.62999999999965,2106
2026-06-11T15:30:00+00:00,381.62999999999965,383.25999999999965,381.13999999999965,382.1199999999996,1751
2026-06-11T16:00:00+00:00,382.1199999999996,385.4099999999996,381.87999999999965,383.12999999999965,2035
2026-06-11T16:30:00+00:00,383.12999999999965,385.38999999999965,381.71999999999963,381.71999999999963,1612
2026-06-11T17:00:00+00:00,381.71999999999963,387.12999999999965,380.1599999999996,387.12999999999965,1934
2026-06-11T17:30:00+00:00,387.12999999999965,390.45999999999964,386.08999999999963,390.1699999999996,1463
2026-06-11T18:00:00+00:00,390.1699999999996,391.13999999999965,386.62999999999965,388.64999999999964,1319
2026-06-11T18:30:00+00:00,388.64999999999964,390.7499999999996,388.44999999999965,390.0499999999996,1771
2026-06-11T19:00:00+00:00,390.0499999999996,391.6699999999996,388.33999999999963,391.2999999999996,2411
2026-06-11T19:30:00+00:00,391.2999999999996,393.7899999999996,390.3499999999996,391.2399999999996,4353
2026-06-12T13:30:00+00:00,391.2399999999996,391.2399999999996,383.63999999999965,385.4999999999996,3141
2026-06-12T14:00:00+00:00,385.4999999999996,389.38999999999965,385.0399999999996,385.81999999999965,2264
2026-06-12T14:30:00+00:00,385.81999999999965,387.19999999999965,382.57999999999964,386.7999999999996,2462.598233273352
2026-06-12T15:00:00+00:00,386.7999999999996,390.2399999999996,385.77999999999963,389.0799999999996,2252
2026-06-12T15:30:00+00:00,389.0799999999996,389.2499999999996,383.2499999999996,383.7499999999996,3455
2026-06-12T16:00:00+00:00,383.7499999999996,387.1299999999996,383.3699999999996,385.9899999999996,3669
2026-06-12T16:30:00+00:00,385.9899999999996,387.3199999999996,385.4299999999996,387.1399999999996,3223
2026-06-12T17:00:00+00:00,387.1399999999996,388.71999999999963,385.8399999999996,387.2699999999996,2739
2026-06-12T17:30:00+00:00,387.2699999999996,387.6799999999996,385.9799999999996,386.7899999999996,2533
2026-06-12T18:00:00+00:00,386.7899999999996,387.4499999999996,385.21999999999963,385.7999999999996,2769
2026-06-12T18:30:00+00:00,385.7999999999996,387.5399999999996,385.7999999999996,386.3199999999996,2308
2026-06-12T19:00:00+00:00,386.3199999999996,387.6299999999996,385.8599999999996,386.8099999999996,2673
2026-06-12T19:30:00+00:00,386.8099999999996,388.0499999999996,385.7599999999996,387.6699999999996,4188
2026-06-15T13:30:00+00:00,387.6699999999996,401.3499999999996,387.6699999999996,396.1099999999996,2701
2026-06-15T14:00:00+00:00,396.1099999999996,397.9599999999996,394.7399999999996,396.21999999999963,3028
2026-06-15T14:30:00+00:00,396.21999999999963,396.6199999999996,394.3899999999996,394.3999999999996,2392
2026-06-15T15:00:00+00:00,394.3999999999996,398.3799999999996,394.3399999999996,398.0499999999996,2400
2026-06-15T15:30:00+00:00,398.0499999999996,399.5499999999996,397.2499999999996,399.2899999999996,2046
2026-06-15T16:00:00+00:00,399.2899999999996,399.7999999999996,398.3299999999996,398.71999999999963,1752
2026-06-15T16:30:00+00:00,398.71999999999963,398.9899999999996,397.0399999999996,398.4999999999996,1806
2026-06-15T17:00:00+00:00,398.4999999999996,399.0599999999996,397.8899999999996,398.7599999999996,1616
2026-06-15T17:30:00+00:00,398.7599999999996,400.0999999999996,398.5899999999996,399.9899999999996,1548
2026-06-15T18:00:00+00:00,399.9899999999996,400.7899999999996,399.27999999999963,399.2899999999996,1782
2026-06-15T18:30:00+00:00,399.2899999999996,400.4099999999996,399.27999999999963,399.5499999999996,1814
2026-06-15T19:00:00+00:00,399.5499999999996,401.0499999999996,398.4999999999996,399.7499999999996,1849
2026-06-15T19:30:00+00:00,399.7499999999996,400.6799999999996,398.2399999999996,400.0099999999996,2834
2026-06-16T13:30:00+00:00,400.0099999999996,400.0099999999996,392.1299999999996,392.1399999999996,2045
2026-06-16T14:00:00+00:00,392.1399999999996,392.71999999999963,386.9499999999996,388.0899999999996,2648
2026-06-16T14:30:00+00:00,388.0899999999996,390.0999999999996,386.7899999999996,388.2699999999996,2415
2026-06-16T15:00:00+00:00,388.2699999999996,390.3899999999996,384.7499999999996,385.4499999999996,2432
2026-06-16T15:30:00+00:00,385.4499999999996,387.8199999999996,384.7599999999996,384.8099999999996,2941
2026-06-16T16:00:00+00:00,384.8099999999996,386.4199999999996,384.1399999999996,384.5699999999996,2263
2026-06-16T16:30:00+00:00,384.5699999999996,386.1499999999996,382.6399999999996,385.1699999999996,2256
2026-06-16T17:00:00+00:00,385.1699999999996,386.1199999999996,384.0399999999996,385.0499999999996,1842
2026-06-16T17:30:00+00:00,385.0499999999996,386.2899999999996,383.8699999999996,385.2399999999996,1748
2026-06-16T18:00:00+00:00,385.2399999999996,387.2499999999996,385.2399999999996,386.8499999999996,1883
2026-06-16T18:30:00+00:00,386.8499999999996,387.2099999999996,386.0399999999996,386.2299999999996,1656
2026-06-16T19:00:00+00:00,386.2299999999996,387.2599999999996,384.3399999999996,385.3099999999996,2225
2026-06-16T19:30:00+00:00,385.3099999999996,385.6099999999996,382.2499999999996,382.4399999999996,3676
2026-06-17T13:30:00+00:00,382.4399999999996,399.1299999999996,382.4399999999996,395.9899999999996,8171
2026-06-17T14:00:00+00:00,395.9899999999996,404.4899999999996,395.9599999999996,403.0099999999996,8290
2026-06-17T14:30:00+00:00,403.0099999999996,403.1899999999996,398.5799999999996,399.1699999999996,6974.588580246914
2026-06-17T15:00:00+00:00,399.1699999999996,405.52999999999963,398.92999999999967,403.00999999999965,6009
2026-06-17T15:30:00+00:00,403.00999999999965,404.5499999999996,401.8499999999996,403.92999999999967,3952
2026-06-17T16:00:00+00:00,403.92999999999967,405.06999999999965,402.7999999999996,403.98999999999967,2873
2026-06-17T16:30:00+00:00,403.98999999999967,404.21999999999963,402.12999999999965,402.21999999999963,2721
2026-06-17T17:00:00+00:00,402.21999999999963,402.63999999999965,400.20999999999964,402.32999999999964,2827
2026-06-17T17:30:00+00:00,402.32999999999964,403.98999999999967,400.69999999999965,403.83999999999963,2643
2026-06-17T18:00:00+00:00,403.83999999999963,404.05999999999966,398.38999999999965,400.5399999999996,8153
2026-06-17T18:30:00+00:00,400.5399999999996,406.24999999999966,400.21999999999963,402.36999999999966,8676
2026-06-17T19:00:00+00:00,402.36999999999966,404.3499999999996,397.94999999999965,398.9099999999996,8303
2026-06-17T19:30:00+00:00,398.9099999999996,399.62999999999965,394.94999999999965,398.6699999999996,9368
2026-06-18T13:30:00+00:00,398.6699999999996,418.0399999999996,398.6699999999996,414.4199999999996,10332
2026-06-18T14:00:00+00:00,414.4199999999996,417.00999999999965,411.69999999999965,413.37999999999965,9094
2026-06-18T14:30:00+00:00,413.37999999999965,415.5999999999996,411.4199999999996,414.76999999999964,7599.618504055272
2026-06-18T15:00:00+00:00,414.76999999999964,417.04999999999967,413.88999999999965,414.13999999999965,6938
2026-06-18T15:30:00+00:00,414.13999999999965,415.44999999999965,411.8499999999997,413.4099999999997,6553
2026-06-18T16:00:00+00:00,413.4099999999997,415.3499999999997,413.4099999999997,413.98999999999967,5301
2026-06-18T16:30:00+00:00,413.98999999999967,414.4699999999997,412.68999999999966,413.32999999999964,4530
2026-06-18T17:00:00+00:00,413.32999999999964,413.7199999999997,412.13999999999965,412.69999999999965,3680
2026-06-18T17:30:00+00:00,412.69999999999965,414.29999999999967,412.43999999999966,413.7899999999997,3340
2026-06-18T18:00:00+00:00,413.7899999999997,413.98999999999967,412.1599999999997,412.80999999999966,3318
2026-06-18T18:30:00+00:00,412.80999999999966,413.9199999999997,412.2899999999997,413.6699999999997,3317
2026-06-18T19:00:00+00:00,413.6699999999997,414.9799999999997,412.9799999999997,414.67999999999967,4474
2026-06-18T19:30:00+00:00,414.67999999999967,418.1599999999997,414.18999999999966,416.30999999999966,6124
2026-06-22T13:30:00+00:00,416.30999999999966,419.73999999999967,404.58999999999963,406.17999999999967,2865
2026-06-22T14:00:00+00:00,406.17999999999967,406.5299999999997,402.36999999999966,402.50999999999965,2879
2026-06-22T14:30:00+00:00,402.50999999999965,402.80999999999966,398.2899999999997,400.2899999999997,2717
2026-06-22T15:00:00+00:00,400.2899999999997,401.6599999999997,399.75999999999965,400.1099999999997,2054
2026-06-22T15:30:00+00:00,400.1099999999997,402.93999999999966,400.1099999999997,402.0399999999997,1837
2026-06-22T16:00:00+00:00,402.0399999999997,403.17999999999967,400.49999999999966,402.51999999999964,1535
2026-06-22T16:30:00+00:00,402.51999999999964,403.04999999999967,400.7899999999997,402.7299999999997,1376
2026-06-22T17:00:00+00:00,402.7299999999997,402.7899999999997,401.48999999999967,402.05999999999966,1369
2026-06-22T17:30:00+00:00,402.05999999999966,402.26999999999964,400.75999999999965,401.25999999999965,1359
2026-06-22T18:00:00+00:00,401.25999999999965,402.81999999999965,401.14999999999964,402.26999999999964,1361
2026-06-22T18:30:00+00:00,402.26999999999964,402.4799999999997,400.14999999999964,400.19999999999965,1648
2026-06-22T19:00:00+00:00,400.19999999999965,400.81999999999965,399.0399999999997,400.05999999999966,1714
2026-06-22T19:30:00+00:00,400.05999999999966,401.37999999999965,397.2899999999997,398.1699999999997,3092
2026-06-23T13:30:00+00:00,398.1699999999997,398.1699999999997,382.64999999999964,394.55999999999966,3160
2026-06-23T14:00:00+00:00,394.55999999999966,396.44999999999965,391.18999999999966,392.31999999999965,2369
2026-06-23T14:30:00+00:00,392.31999999999965,392.3599999999997,387.13999999999965,387.9199999999997,2230
2026-06-23T15:00:00+00:00,387.9199999999997,388.1699999999997,384.62999999999965,384.94999999999965,2215
2026-06-23T15:30:00+00:00,384.94999999999965,386.8599999999997,384.74999999999966,386.0999999999997,2027
2026-06-23T16:00:00+00:00,386.0999999999997,388.83999999999963,385.95999999999964,387.63999999999965,2134
2026-06-23T16:30:00+00:00,387.63999999999965,389.2799999999997,387.0999999999997,388.83999999999963,1662
2026-06-23T17:00:00+00:00,388.83999999999963,390.56999999999965,388.32999999999964,389.94999999999965,1699
2026-06-23T17:30:00+00:00,389.94999999999965,390.32999999999964,386.58999999999963,387.2299999999997,1634
2026-06-23T18:00:00+00:00,387.2299999999997,388.56999999999965,386.9199999999997,387.67999999999967,1577
2026-06-23T18:30:00+00:00,387.67999999999967,387.93999999999966,385.25999999999965,385.69999999999965,2078
2026-06-23T19:00:00+00:00,385.69999999999965,387.82999999999964,385.31999999999965,387.6599999999997,2064
2026-06-23T19:30:00+00:00,387.6599999999997,388.24999999999966,384.98999999999967,385.70999999999964,3945
2026-06-24T13:30:00+00:00,385.70999999999964,394.08999999999963,384.54999999999967,387.49999999999966,2758
2026-06-24T14:00:00+00:00,387.49999999999966,389.00999999999965,384.74999999999966,387.50999999999965,2192
2026-06-24T14:30:00+00:00,387.50999999999965,390.4799999999997,387.49999999999966,390.3199999999997,2200.9166941060257
2026-06-24T15:00:00+00:00,390.3199999999997,391.7499999999997,388.4999999999997,391.0599999999997,2013
2026-06-24T15:30:00+00:00,391.0599999999997,391.53999999999974,389.1799999999997,389.6899999999997,2084
2026-06-24T16:00:00+00:00,389.6899999999997,392.22999999999973,388.96999999999974,391.47999999999973,1669
2026-06-24T16:30:00+00:00,391.47999999999973,391.52999999999975,388.77999999999975,388.97999999999973,2241
2026-06-24T17:00:00+00:00,388.97999999999973,390.44999999999976,385.97999999999973,386.14999999999975,2415
2026-06-24T17:30:00+00:00,386.14999999999975,386.69999999999976,385.1199999999997,385.16999999999973,2822
2026-06-24T18:00:00+00:00,385.16999999999973,387.6199999999997,384.9999999999997,386.94999999999976,2124
2026-06-24T18:30:00+00:00,386.94999999999976,387.27999999999975,382.89999999999975,383.66999999999973,2916
2026-06-24T19:00:00+00:00,383.66999999999973,384.8699999999997,382.4299999999997,383.7999999999997,3055
2026-06-24T19:30:00+00:00,383.7999999999997,387.82999999999976,382.88999999999976,387.41999999999973,3827
2026-06-25T13:30:00+00:00,387.41999999999973,393.3699999999997,378.14999999999975,378.4999999999997,3224
2026-06-25T14:00:00+00:00,378.4999999999997,386.58999999999975,378.28999999999974,383.82999999999976,2919
2026-06-25T14:30:00+00:00,383.82999999999976,390.0699999999997,383.1799999999997,387.8699999999997,2962
2026-06-25T15:00:00+00:00,387.8699999999997,388.6899999999997,383.3799999999997,386.2999999999997,2142
2026-06-25T15:30:00+00:00,386.2999999999997,388.9999999999997,385.66999999999973,388.1899999999997,1691
2026-06-25T16:00:00+00:00,388.1899999999997,392.0499999999997,387.46999999999974,389.47999999999973,2243
2026-06-25T16:30:00+00:00,389.47999999999973,389.5499999999997,384.27999999999975,385.71999999999974,1655
2026-06-25T17:00:00+00:00,385.71999999999974,387.03999999999974,384.76999999999975,385.5599999999997,1651
2026-06-25T17:30:00+00:00,385.5599999999997,386.4299999999997,384.52999999999975,386.0599999999997,2216
2026-06-25T18:00:00+00:00,386.0599999999997,387.82999999999976,383.97999999999973,387.1899999999997,1886
2026-06-25T18:30:00+00:00,387.1899999999997,387.19999999999976,384.0699999999997,385.09999999999974,1658
2026-06-25T19:00:00+00:00,385.09999999999974,385.40999999999974,382.9999999999997,383.69999999999976,2115
2026-06-25T19:30:00+00:00,383.69999999999976,384.8699999999997,382.0699999999997,384.6299999999997,3245
2026-06-26T13:30:00+00:00,384.6299999999997,384.6299999999997,370.8699999999997,374.0499999999997,3285
2026-06-26T14:00:00+00:00,374.0499999999997,376.5599999999997,373.5699999999997,374.16999999999973,2469
2026-06-26T14:30:00+00:00,374.16999999999973,374.3099999999997,370.77999999999975,371.6299999999997,3199.6293948996527
2026-06-26T15:00:00+00:00,371.6299999999997,375.2299999999997,370.9499999999997,375.0299999999997,2518
2026-06-26T15:30:00+00:00,375.0299999999997,379.0799999999997,374.8099999999997,376.0599999999997,2364
2026-06-26T16:00:00+00:00,376.0599999999997,378.4599999999997,374.9599999999997,376.4399999999997,1695
2026-06-26T16:30:00+00:00,376.4399999999997,378.4499999999997,376.3799999999997,376.8599999999997,1790
2026-06-26T17:00:00+00:00,376.8599999999997,378.9599999999997,376.3099999999997,377.7099999999997,1481
2026-06-26T17:30:00+00:00,377.7099999999997,378.5599999999997,375.7699999999997,376.0199999999997,1565
2026-06-26T18:00:00+00:00,376.0199999999997,376.5799999999997,374.1699999999997,374.5699999999997,1942
2026-06-26T18:30:00+00:00,374.5699999999997,375.3899999999997,372.2499999999997,372.4799999999997,2129
2026-06-26T19:00:00+00:00,372.4799999999997,373.6299999999997,372.2499999999997,373.1299999999997,2630
2026-06-26T19:30:00+00:00,373.1299999999997,376.8099999999997,369.29999999999967,369.7899999999997,3543
2026-06-29T13:30:00+00:00,369.7899999999997,380.5999999999997,369.7899999999997,374.8499999999997,3916
2026-06-29T14:00:00+00:00,374.8499999999997,375.3599999999997,365.98999999999967,372.7099999999997,5895
2026-06-29T14:30:00+00:00,372.7099999999997,376.2499999999997,372.61999999999966,376.2499999999997,5201
2026-06-29T15:00:00+00:00,376.2499999999997,376.2899999999997,373.8799999999997,376.1499999999997,3960
2026-06-29T15:30:00+00:00,376.1499999999997,376.8999999999997,375.1599999999997,376.79999999999967,3832
2026-06-29T16:00:00+00:00,376.79999999999967,377.11999999999966,375.6999999999997,375.7599999999997,2981
2026-06-29T16:30:00+00:00,375.7599999999997,376.7199999999997,375.3999999999997,376.3899999999997,2369
2026-06-29T17:00:00+00:00,376.3899999999997,380.79999999999967,376.3899999999997,380.79999999999967,2489
2026-06-29T17:30:00+00:00,380.79999999999967,381.61999999999966,379.5999999999997,380.3099999999997,1954
2026-06-29T18:00:00+00:00,380.3099999999997,380.7299999999997,379.5199999999997,379.6899999999997,1743
2026-06-29T18:30:00+00:00,379.6899999999997,381.5299999999997,379.5199999999997,379.8399999999997,1821
2026-06-29T19:00:00+00:00,379.8399999999997,379.92999999999967,377.5599999999997,379.5199999999997,2026
2026-06-29T19:30:00+00:00,379.5199999999997,379.67999999999967,376.8999999999997,377.86999999999966,3571
2026-06-30T13:30:00+00:00,377.86999999999966,383.4099999999997,376.0199999999997,381.8899999999997,2829
2026-06-30T14:00:00+00:00,381.8899999999997,384.0699999999997,379.4399999999997,383.23999999999967,3856
2026-06-30T14:30:00+00:00,383.23999999999967,384.11999999999966,379.61999999999966,380.1299999999997,3187
2026-06-30T15:00:00+00:00,380.1299999999997,380.9199999999997,379.1999999999997,380.1299999999997,2764
2026-06-30T15:30:00+00:00,380.1299999999997,382.6399999999997,379.6399999999997,381.7699999999997,2483
2026-06-30T16:00:00+00:00,381.7699999999997,382.5599999999997,380.7199999999997,380.7499999999997,1801
2026-06-30T16:30:00+00:00,380.7499999999997,381.7299999999997,379.5299999999997,380.8899999999997,1572
2026-06-30T17:00:00+00:00,380.8899999999997,381.2699999999997,379.8299999999997,380.0599999999997,1434
2026-06-30T17:30:00+00:00,380.0599999999997,382.5899999999997,379.7299999999997,381.36999999999966,1732
2026-06-30T18:00:00+00:00,381.36999999999966,383.2599999999997,380.5999999999997,382.42999999999967,1789
2026-06-30T18:30:00+00:00,382.42999999999967,384.3399999999997,382.3599999999997,383.7899999999997,1649
2026-06-30T19:00:00+00:00,383.7899999999997,385.0799999999997,383.4199999999997,384.0099999999997,1716
2026-06-30T19:30:00+00:00,384.0099999999997,384.8099999999997,382.5799999999997,382.9399999999997,4104
2026-07-01T13:30:00+00:00,382.9399999999997,382.9399999999997,374.0699999999997,377.1899999999997,3118
2026-07-01T14:00:00+00:00,377.1899999999997,379.2299999999997,376.6299999999997,377.3299999999997,1967
2026-07-01T14:30:00+00:00,377.3299999999997,377.6499999999997,374.0199999999997,375.9999999999997,2589.607484923732
2026-07-01T15:00:00+00:00,375.9999999999997,378.1199999999997,375.47999999999973,377.6899999999997,2203
2026-07-01T15:30:00+00:00,377.6899999999997,378.4499999999997,375.84999999999974,376.3399999999997,2134
2026-07-01T16:00:00+00:00,376.3399999999997,376.7699999999997,374.0199999999997,374.0799999999997,2389
2026-07-01T16:30:00+00:00,374.0799999999997,374.9999999999997,373.6999999999997,374.1399999999997,2107
2026-07-01T17:00:00+00:00,374.1399999999997,375.84999999999974,373.71999999999974,374.9399999999997,2312
2026-07-01T17:30:00+00:00,374.9399999999997,375.9999999999997,374.3799999999997,375.0499999999997,2178
2026-07-01T18:00:00+00:00,375.0499999999997,376.28999999999974,374.85999999999973,375.8699999999997,2157
2026-07-01T18:30:00+00:00,375.8699999999997,376.5699999999997,374.6199999999997,375.7999999999997,2017
2026-07-01T19:00:00+00:00,375.7999999999997,378.1899999999997,375.6199999999997,377.1199999999997,2516
2026-07-01T19:30:00+00:00,377.1199999999997,377.8799999999997,374.5599999999997,374.8999999999997,3825
2026-07-02T13:30:00+00:00,374.8999999999997,377.6199999999997,369.7099999999997,376.60999999999973,1977
2026-07-02T14:00:00+00:00,376.60999999999973,379.6199999999997,373.7799999999997,374.7499999999997,3007
2026-07-02T14:30:00+00:00,374.7499999999997,376.40999999999974,371.4499999999997,373.82999999999976,4305.799967553537
2026-07-02T15:00:00+00:00,373.82999999999976,374.01999999999975,368.37999999999977,370.32999999999976,4669
2026-07-02T15:30:00+00:00,370.32999999999976,372.3099999999998,369.1499999999998,370.0899999999998,3482
2026-07-02T16:00:00+00:00,370.0899999999998,370.2799999999998,365.37999999999977,365.63999999999976,2895
2026-07-02T16:30:00+00:00,365.63999999999976,366.1599999999998,364.0599999999998,364.62999999999977,3626
2026-07-02T17:00:00+00:00,364.62999999999977,365.13999999999976,363.4799999999998,364.6499999999998,2942
2026-07-02T17:30:00+00:00,364.6499999999998,366.2299999999998,363.76999999999975,364.1699999999998,2764
2026-07-02T18:00:00+00:00,364.1699999999998,367.0399999999998,364.06999999999977,366.06999999999977,2907
2026-07-02T18:30:00+00:00,366.06999999999977,366.50999999999976,363.7999999999998,364.9199999999998,2316
2026-07-02T19:00:00+00:00,364.9199999999998,365.0599999999998,362.06999999999977,364.3599999999998,3483
2026-07-02T19:30:00+00:00,364.3599999999998,366.88999999999976,363.8099999999998,366.00999999999976,4274
2026-07-06T13:30:00+00:00,366.00999999999976,388.62999999999977,366.00999999999976,386.18999999999977,3462
2026-07-06T14:00:00+00:00,386.18999999999977,386.69999999999976,384.4699999999998,384.8399999999998,3371
2026-07-06T14:30:00+00:00,384.8399999999998,385.31999999999977,380.19999999999976,380.9099999999998,3184
2026-07-06T15:00:00+00:00,380.9099999999998,381.7399999999998,378.6099999999998,379.8099999999998,2634
2026-07-06T15:30:00+00:00,379.8099999999998,380.57999999999976,378.88999999999976,379.8399999999998,2204
2026-07-06T16:00:00+00:00,379.8399999999998,381.7999999999998,379.4899999999998,380.69999999999976,1709
2026-07-06T16:30:00+00:00,380.69999999999976,382.0899999999998,380.2799999999998,381.2499999999998,1809
2026-07-06T17:00:00+00:00,381.2499999999998,382.7099999999998,381.1799999999998,381.3099999999998,1870
2026-07-06T17:30:00+00:00,381.3099999999998,382.0399999999998,379.38999999999976,381.2199999999998,1920
2026-07-06T18:00:00+00:00,381.2199999999998,382.8599999999998,380.3999999999998,381.2799999999998,1671
2026-07-06T18:30:00+00:00,381.2799999999998,382.0599999999998,380.1699999999998,382.0599999999998,1370
2026-07-06T19:00:00+00:00,382.0599999999998,382.9199999999998,381.5499999999998,382.43999999999977,2084
2026-07-06T19:30:00+00:00,382.43999999999977,382.6499999999998,379.0899999999998,379.69999999999976,3652
2026-07-07T13:30:00+00:00,379.69999999999976,379.69999999999976,370.68999999999977,371.69999999999976,4790
2026-07-07T14:00:00+00:00,371.69999999999976,373.4299999999998,368.9899999999998,369.5999999999998,3954
2026-07-07T14:30:00+00:00,369.5999999999998,371.3399999999998,367.6799999999998,369.4199999999998,7347
2026-07-07T15:00:00+00:00,369.4199999999998,370.8099999999998,368.4299999999998,370.00999999999976,5489
2026-07-07T15:30:00+00:00,370.00999999999976,373.5999999999998,369.4699999999998,373.5499999999998,5433
2026-07-07T16:00:00+00:00,373.5499999999998,377.0499999999998,373.4199999999998,376.5399999999998,5190
2026-07-07T16:30:00+00:00,376.5399999999998,377.56999999999977,375.56999999999977,376.4299999999998,4487
2026-07-07T17:00:00+00:00,376.4299999999998,377.7399999999998,376.13999999999976,376.8099999999998,3639
2026-07-07T17:30:00+00:00,376.8099999999998,378.5499999999998,376.7499999999998,377.93999999999977,2732
2026-07-07T18:00:00+00:00,377.93999999999977,378.1499999999998,376.1099999999998,376.12999999999977,2902
2026-07-07T18:30:00+00:00,376.12999999999977,376.7099999999998,373.4299999999998,373.6599999999998,3674
2026-07-07T19:00:00+00:00,373.6599999999998,375.3599999999998,372.19999999999976,373.81999999999977,5979
2026-07-07T19:30:00+00:00,373.81999999999977,376.50999999999976,373.6799999999998,376.26999999999975,6619
2026-07-08T13:30:00+00:00,376.26999999999975,391.9599999999998,376.26999999999975,390.68999999999977,6512
2026-07-08T14:00:00+00:00,390.68999999999977,394.69999999999976,390.00999999999976,392.32999999999976,8087
2026-07-08T14:30:00+00:00,392.32999999999976,395.9299999999998,390.1799999999998,394.1199999999997,6991.473498233216
2026-07-08T15:00:00+00:00,394.1199999999997,395.60999999999973,390.02999999999975,391.0499999999997,5625
2026-07-08T15:30:00+00:00,391.0499999999997,392.13999999999976,388.7499999999997,391.21999999999974,4581
2026-07-08T16:00:00+00:00,391.21999999999974,399.16999999999973,390.64999999999975,397.93999999999977,5533
2026-07-08T16:30:00+00:00,397.93999999999977,400.60999999999973,396.2499999999997,400.4299999999997,5129
2026-07-08T17:00:00+00:00,400.4299999999997,400.53999999999974,397.64999999999975,398.03999999999974,3681
2026-07-08T17:30:00+00:00,398.03999999999974,398.9899999999997,394.14999999999975,394.95999999999975,3687
2026-07-08T18:00:00+00:00,394.95999999999975,396.13999999999976,394.53999999999974,394.68999999999977,3402
2026-07-08T18:30:00+00:00,394.68999999999977,395.7399999999997,394.19999999999976,395.40999999999974,3353
2026-07-08T19:00:00+00:00,395.40999999999974,398.2499999999997,394.95999999999975,397.97999999999973,3319
2026-07-08T19:30:00+00:00,397.97999999999973,398.02999999999975,393.9299999999997,394.10999999999973,5870
2026-07-09T13:30:00+00:00,394.10999999999973,409.2499999999997,394.10999999999973,399.2999999999997,5721
2026-07-09T14:00:00+00:00,399.2999999999997,401.1799999999997,393.56999999999977,397.7999999999997,6899
2026-07-09T14:30:00+00:00,397.7999999999997,400.6199999999997,396.52999999999975,399.65999999999974,4586
2026-07-09T15:00:00+00:00,399.65999999999974,405.85999999999973,398.65999999999974,405.27999999999975,4503
2026-07-09T15:30:00+00:00,405.27999999999975,407.53999999999974,404.91999999999973,406.00999999999976,3680
2026-07-09T16:00:00+00:00,406.00999999999976,407.26999999999975,405.66999999999973,406.78999999999974,3133
2026-07-09T16:30:00+00:00,406.78999999999974,409.06999999999977,405.90999999999974,408.16999999999973,2992
2026-07-09T17:00:00+00:00,408.16999999999973,410.91999999999973,407.81999999999977,410.81999999999977,3418
2026-07-09T17:30:00+00:00,410.81999999999977,413.15999999999974,409.88999999999976,411.16999999999973,3395
2026-07-09T18:00:00+00:00,411.16999999999973,411.94999999999976,409.26999999999975,410.65999999999974,3114
2026-07-09T18:30:00+00:00,410.65999999999974,412.01999999999975,409.9999999999997,410.20999999999975,3016
2026-07-09T19:00:00+00:00,410.20999999999975,410.34999999999974,407.64999999999975,407.65999999999974,3233
2026-07-09T19:30:00+00:00,407.65999999999974,407.87999999999977,405.14999999999975,406.71999999999974,4315
2026-07-10T13:30:00+00:00,406.71999999999974,407.90999999999974,401.20999999999975,404.96999999999974,1289
2026-07-10T14:00:00+00:00,404.96999999999974,406.14999999999975,403.65999999999974,405.5599999999997,1597
2026-07-10T14:30:00+00:00,405.5599999999997,407.2999999999997,402.84999999999974,404.28999999999974,1410.9626259343518
2026-07-10T15:00:00+00:00,404.28999999999974,406.84999999999974,403.83999999999975,406.76999999999975,1472
2026-07-10T15:30:00+00:00,406.76999999999975,407.38999999999976,404.47999999999973,406.68999999999977,1283
2026-07-10T16:00:00+00:00,406.68999999999977,407.57999999999976,405.90999999999974,406.71999999999974,1367
2026-07-10T16:30:00+00:00,406.71999999999974,408.0499999999998,406.14999999999975,406.93999999999977,1461
2026-07-10T17:00:00+00:00,406.93999999999977,407.47999999999973,406.21999999999974,407.44999999999976,1059
2026-07-10T17:30:00+00:00,407.44999999999976,407.9299999999998,406.25999999999976,406.40999999999974,1036
2026-07-10T18:00:00+00:00,406.40999999999974,406.6099999999998,404.9899999999998,405.77999999999975,1299
2026-07-10T18:30:00+00:00,405.77999999999975,406.2499999999998,405.50999999999976,405.65999999999974,1038
2026-07-10T19:00:00+00:00,405.65999999999974,406.14999999999975,405.0599999999998,405.43999999999977,1167
2026-07-10T19:30:00+00:00,405.43999999999977,406.45999999999975,405.1199999999998,405.87999999999977,2350
2026-07-13T13:30:00+00:00,405.87999999999977,405.87999999999977,392.57999999999976,395.7399999999998,3612
2026-07-13T14:00:00+00:00,395.7399999999998,400.45999999999975,395.4299999999998,400.3599999999998,3662
2026-07-13T14:30:00+00:00,400.3599999999998,401.43999999999977,396.2399999999998,397.96999999999974,4245
2026-07-13T15:00:00+00:00,397.96999999999974,398.32999999999976,396.31999999999977,397.32999999999976,3496
2026-07-13T15:30:00+00:00,397.32999999999976,398.0599999999998,395.02999999999975,395.33999999999975,3438
2026-07-13T16:00:00+00:00,395.33999999999975,395.9999999999998,394.31999999999977,394.75999999999976,3405
2026-07-13T16:30:00+00:00,394.75999999999976,394.75999999999976,391.6199999999998,392.6799999999998,4494
2026-07-13T17:00:00+00:00,392.6799999999998,394.58999999999975,391.4999999999998,391.9999999999998,3339
2026-07-13T17:30:00+00:00,391.9999999999998,392.90999999999974,391.21999999999974,391.6199999999998,3017
2026-07-13T18:00:00+00:00,391.6199999999998,392.7999999999998,391.31999999999977,391.3699999999998,3346
2026-07-13T18:30:00+00:00,391.3699999999998,392.3699999999998,390.9299999999998,391.16999999999973,3320
2026-07-13T19:00:00+00:00,391.16999999999973,392.47999999999973,389.81999999999977,390.34999999999974,3865
2026-07-13T19:30:00+00:00,390.34999999999974,393.06999999999977,389.31999999999977,389.64999999999975,5557
2026-07-14T13:30:00+00:00,389.64999999999975,400.75999999999976,389.64999999999975,397.25999999999976,3468
2026-07-14T14:00:00+00:00,397.25999999999976,399.38999999999976,394.18999999999977,397.06999999999977,3441
2026-07-14T14:30:00+00:00,397.06999999999977,402.06999999999977,396.02999999999975,400.93999999999977,3722
2026-07-14T15:00:00+00:00,400.93999999999977,402.71999999999974,400.27999999999975,402.6799999999998,3593
2026-07-14T15:30:00+00:00,402.6799999999998,402.91999999999973,399.50999999999976,400.22999999999973,3654
2026-07-14T16:00:00+00:00,400.22999999999973,400.2399999999998,397.96999999999974,398.95999999999975,3171
2026-07-14T16:30:00+00:00,398.95999999999975,400.13999999999976,398.21999999999974,400.13999999999976,2559
2026-07-14T17:00:00+00:00,400.13999999999976,400.93999999999977,398.91999999999973,399.25999999999976,1985
2026-07-14T17:30:00+00:00,399.25999999999976,399.89999999999975,398.03999999999974,399.83999999999975,1856
2026-07-14T18:00:00+00:00,399.83999999999975,400.5499999999998,399.47999999999973,399.87999999999977,1718
2026-07-14T18:30:00+00:00,399.87999999999977,400.13999999999976,398.84999999999974,399.7399999999998,2159
2026-07-14T19:00:00+00:00,399.7399999999998,399.75999999999976,395.81999999999977,396.31999999999977,2676
2026-07-14T19:30:00+00:00,396.31999999999977,397.27999999999975,394.7499999999998,394.94999999999976,4127
2026-07-15T13:30:00+00:00,394.94999999999976,404.65999999999974,394.94999999999976,403.39999999999975,1122
2026-07-15T14:00:00+00:00,403.39999999999975,404.16999999999973,396.02999999999975,398.1099999999998,1371
2026-07-15T14:30:00+00:00,398.1099999999998,398.1099999999998,393.68999999999977,396.82999999999976,1639.0274487685656
2026-07-15T15:00:00+00:00,396.82999999999976,396.82999999999976,392.4899999999997,395.6799999999997,1429
2026-07-15T15:30:00+00:00,395.6799999999997,396.47999999999973,393.58999999999975,394.60999999999973,1108
2026-07-15T16:00:00+00:00,394.60999999999973,395.20999999999975,392.6899999999997,393.51999999999975,1363
2026-07-15T16:30:00+00:00,393.51999999999975,396.16999999999973,392.28999999999974,395.3099999999997,1506
2026-07-15T17:00:00+00:00,395.3099999999997,398.31999999999977,395.00999999999976,397.35999999999973,1315
2026-07-15T17:30:00+00:00,397.35999999999973,400.09999999999974,397.2399999999997,399.50999999999976,1223
2026-07-15T18:00:00+00:00,399.50999999999976,401.38999999999976,399.13999999999976,399.6799999999997,1383
2026-07-15T18:30:00+00:00,399.6799999999997,399.90999999999974,397.22999999999973,397.4299999999997,1238
2026-07-15T19:00:00+00:00,397.4299999999997,399.84999999999974,397.2399999999997,399.2499999999997,1590
2026-07-15T19:30:00+00:00,399.2499999999997,400.77999999999975,398.89999999999975,399.89999999999975,2607
2026-07-16T13:30:00+00:00,399.89999999999975,399.89999999999975,383.58999999999975,386.6199999999997,1838
2026-07-16T14:00:00+00:00,386.6199999999997,391.62999999999977,386.19999999999976,389.16999999999973,1499
2026-07-16T14:30:00+00:00,389.16999999999973,389.34999999999974,386.28999999999974,387.31999999999977,1411
2026-07-16T15:00:00+00:00,387.31999999999977,387.9299999999997,385.08999999999975,386.8699999999997,1799
2026-07-16T15:30:00+00:00,386.8699999999997,388.2399999999997,386.38999999999976,387.45999999999975,1260
2026-07-16T16:00:00+00:00,387.45999999999975,387.47999999999973,385.1199999999997,386.07999999999976,1747
2026-07-16T16:30:00+00:00,386.07999999999976,386.66999999999973,384.02999999999975,384.10999999999973,1506
2026-07-16T17:00:00+00:00,384.10999999999973,384.26999999999975,382.4999999999997,383.38999999999976,2015
2026-07-16T17:30:00+00:00,383.38999999999976,383.72999999999973,381.2399999999997,381.4999999999997,1773
2026-07-16T18:00:00+00:00,381.4999999999997,383.41999999999973,380.14999999999975,382.4399999999997,1703
2026-07-16T18:30:00+00:00,382.4399999999997,382.57999999999976,381.1199999999997,381.27999999999975,1733
2026-07-16T19:00:00+00:00,381.27999999999975,382.13999999999976,380.64999999999975,381.57999999999976,2271
2026-07-16T19:30:00+00:00,381.57999999999976,382.26999999999975,377.44999999999976,379.65999999999974,4312
2026-07-17T13:30:00+00:00,379.65999999999974,379.65999999999974,363.34999999999974,370.4299999999997,2568
2026-07-17T14:00:00+00:00,370.4299999999997,379.59999999999974,370.2999999999997,375.6899999999997,1806
2026-07-17T14:30:00+00:00,375.6899999999997,378.31999999999977,374.3699999999997,374.46999999999974,1249
2026-07-17T15:00:00+00:00,374.46999999999974,375.4299999999997,372.9899999999997,374.50999999999976,1344
2026-07-17T15:30:00+00:00,374.50999999999976,378.84999999999974,374.02999999999975,377.85999999999973,1245
2026-07-17T16:00:00+00:00,377.85999999999973,378.9399999999997,376.14999999999975,378.03999999999974,1237
2026-07-17T16:30:00+00:00,378.03999999999974,381.85999999999973,377.38999999999976,380.90999999999974,1500
2026-07-17T17:00:00+00:00,380.90999999999974,382.87999999999977,380.7399999999997,381.72999999999973,1312
2026-07-17T17:30:00+00:00,381.72999999999973,381.9899999999997,379.39999999999975,379.4399999999997,1110
2026-07-17T18:00:00+00:00,379.4399999999997,380.07999999999976,377.45999999999975,378.45999999999975,1337
2026-07-17T18:30:00+00:00,378.45999999999975,379.41999999999973,377.26999999999975,378.90999999999974,1183
2026-07-17T19:00:00+00:00,378.90999999999974,379.14999999999975,375.4399999999997,377.53999999999974,1636
2026-07-17T19:30:00+00:00,377.53999999999974,378.58999999999975,375.96999999999974,376.4899999999997,3205
2026-07-20T13:30:00+00:00,376.4899999999997,381.90999999999974,376.0199999999997,376.28999999999974,948
2026-07-20T14:00:00+00:00,376.28999999999974,379.4999999999997,375.2599999999997,379.3999999999997,1001
2026-07-20T14:30:00+00:00,379.3999999999997,379.9599999999997,377.4599999999997,377.8699999999997,1010
2026-07-20T15:00:00+00:00,377.8699999999997,380.5599999999997,377.3699999999997,380.5599999999997,1218
2026-07-20T15:30:00+00:00,380.5599999999997,381.7499999999997,379.6399999999997,381.3699999999997,1135
2026-07-20T16:00:00+00:00,381.3699999999997,382.9399999999997,380.8299999999997,381.5199999999997,1039
2026-07-20T16:30:00+00:00,381.5199999999997,382.3899999999997,380.3799999999997,380.8199999999997,1355
2026-07-20T17:00:00+00:00,380.8199999999997,381.91999999999973,379.78999999999974,380.65999999999974,1314
2026-07-20T17:30:00+00:00,380.65999999999974,381.4599999999997,379.8899999999997,381.0699999999997,957
2026-07-20T18:00:00+00:00,381.0699999999997,381.66999999999973,379.8799999999997,380.1899999999997,878
2026-07-20T18:30:00+00:00,380.1899999999997,380.1899999999997,377.9599999999997,378.22999999999973,979
2026-07-20T19:00:00+00:00,378.22999999999973,378.7499999999997,376.97999999999973,378.6799999999997,1229
2026-07-20T19:30:00+00:00,378.6799999999997,379.03999999999974,376.84999999999974,377.5499999999997,2386
2026-07-21T13:30:00+00:00,377.5499999999997,389.4899999999997,377.5499999999997,380.8099999999997,1551
2026-07-21T14:00:00+00:00,380.8099999999997,383.16999999999973,379.9699999999997,382.7799999999997,1122
2026-07-21T14:30:00+00:00,382.7799999999997,384.91999999999973,382.5899999999997,383.28999999999974,1416
2026-07-21T15:00:00+00:00,383.28999999999974,386.10999999999973,381.8699999999997,384.9899999999997,1463
2026-07-21T15:30:00+00:00,384.9899999999997,385.4999999999997,383.6499999999997,384.8999999999997,1155
2026-07-21T16:00:00+00:00,384.8999999999997,386.7099999999997,384.7799999999997,385.6299999999997,1095
2026-07-21T16:30:00+00:00,385.6299999999997,386.60999999999973,384.5799999999997,385.6499999999997,942
2026-07-21T17:00:00+00:00,385.6499999999997,386.1499999999997,385.3699999999997,385.7099999999997,852
2026-07-21T17:30:00+00:00,385.7099999999997,386.1999999999997,385.1999999999997,385.4299999999997,760
2026-07-21T18:00:00+00:00,385.4299999999997,385.5899999999997,384.7399999999997,385.1399999999997,808
2026-07-21T18:30:00+00:00,385.1399999999997,386.15999999999974,384.8699999999997,385.9699999999997,884
2026-07-21T19:00:00+00:00,385.9699999999997,386.1399999999997,384.3699999999997,384.7499999999997,1001
2026-07-21T19:30:00+00:00,384.7499999999997,386.8299999999997,384.40999999999974,385.6399999999997,2646
2026-07-22T13:30:00+00:00,385.6399999999997,386.7699999999997,379.3699999999997,385.1999999999997,790
2026-07-22T14:00:00+00:00,385.1999999999997,385.8299999999997,383.8699999999997,385.0299999999997,926
2026-07-22T14:30:00+00:00,385.0299999999997,389.65999999999974,384.7699999999997,388.60999999999973,1278
2026-07-22T15:00:00+00:00,388.60999999999973,391.9899999999997,388.2499999999997,391.03999999999974,1391
2026-07-22T15:30:00+00:00,391.03999999999974,393.0699999999997,390.3699999999997,393.0699999999997,1286
2026-07-22T16:00:00+00:00,393.0699999999997,394.41999999999973,392.1499999999997,394.0299999999997,1274
2026-07-22T16:30:00+00:00,394.0299999999997,396.16999999999973,393.5799999999997,395.47999999999973,1233
2026-07-22T17:00:00+00:00,395.47999999999973,397.16999999999973,395.1199999999997,395.8799999999997,1329
2026-07-22T17:30:00+00:00,395.8799999999997,397.4499999999997,395.4299999999997,395.4999999999997,1011
2026-07-22T18:00:00+00:00,395.4999999999997,396.34999999999974,394.8699999999997,396.1799999999997,960
2026-07-22T18:30:00+00:00,396.1799999999997,397.2799999999997,395.6299999999997,396.7099999999997,1030
2026-07-22T19:00:00+00:00,396.7099999999997,397.90999999999974,396.09999999999974,397.4899999999997,1294
2026-07-22T19:30:00+00:00,397.4899999999997,397.8699999999997,395.78999999999974,396.1399999999997,2636
2026-07-23T13:30:00+00:00,396.1399999999997,396.6799999999997,389.6499999999997,393.6899999999997,828
2026-07-23T14:00:00+00:00,393.6899999999997,395.7999999999997,392.8899999999997,394.7799999999997,850
2026-07-23T14:30:00+00:00,394.7799999999997,395.16999999999973,388.7799999999997,389.6299999999997,1256
2026-07-23T15:00:00+00:00,389.6299999999997,390.0299999999997,386.4699999999997,386.8999999999997,1452
2026-07-23T15:30:00+00:00,386.8999999999997,388.4599999999997,386.0799999999997,388.3199999999997,1018
2026-07-23T16:00:00+00:00,388.3199999999997,391.3199999999997,387.7699999999997,390.5299999999997,1034
2026-07-23T16:30:00+00:00,390.5299999999997,392.6799999999997,389.5599999999997,390.47999999999973,895
2026-07-23T17:00:00+00:00,390.47999999999973,391.8899999999997,389.03999999999974,391.4399999999997,604
2026-07-23T17:30:00+00:00,391.4399999999997,391.6199999999997,389.3999999999997,389.60999999999973,747
2026-07-23T18:00:00+00:00,389.60999999999973,390.0199999999997,388.41999999999973,389.47999999999973,803
2026-07-23T18:30:00+00:00,389.47999999999973,390.1499999999997,388.7799999999997,389.3199999999997,824
2026-07-23T19:00:00+00:00,389.3199999999997,390.7799999999997,388.2799999999997,390.5699999999997,1504
2026-07-23T19:30:00+00:00,390.5699999999997,392.1999999999997,388.3799999999997,391.8899999999997,2472
2026-07-24T13:30:00+00:00,391.8899999999997,391.8899999999997,379.4999999999997,380.4699999999997,1226
2026-07-24T14:00:00+00:00,380.4699999999997,384.4499999999997,380.0299999999997,382.97999999999973,1061
2026-07-24T14:30:00+00:00,382.97999999999973,383.1899999999997,379.8699999999997,382.78999999999974,946
2026-07-24T15:00:00+00:00,382.78999999999974,384.90999999999974,381.0599999999997,383.0899999999997,869
2026-07-24T15:30:00+00:00,383.0899999999997,385.3799999999997,382.47999999999973,385.3699999999997,664
2026-07-24T16:00:00+00:00,385.3699999999997,386.7499999999997,384.41999999999973,385.3899999999997,725
2026-07-24T16:30:00+00:00,385.3899999999997,385.3899999999997,383.6199999999997,384.4899999999997,838
2026-07-24T17:00:00+00:00,384.4899999999997,384.66999999999973,382.8799999999997,384.2199999999997,552
2026-07-24T17:30:00+00:00,384.2199999999997,384.7699999999997,382.7999999999997,383.03999999999974,601
2026-07-24T18:00:00+00:00,383.03999999999974,383.34999999999974,379.8699999999997,380.10999999999973,1235
2026-07-24T18:30:00+00:00,380.10999999999973,380.3799999999997,378.4699999999997,379.7799999999997,1454
2026-07-24T19:00:00+00:00,379.7799999999997,380.8399999999997,378.10999999999973,379.40999999999974,1787
2026-07-24T19:30:00+00:00,379.40999999999974,381.78999999999974,378.5099999999997,381.60999999999973,3037
2026-07-27T13:30:00+00:00,381.60999999999973,388.6399999999997,380.8699999999997,381.4899999999997,952
2026-07-27T14:00:00+00:00,381.4899999999997,383.2099999999997,376.53999999999974,376.53999999999974,1153
2026-07-27T14:30:00+00:00,376.53999999999974,382.5499999999997,372.7699999999997,382.2199999999997,1917
2026-07-27T15:00:00+00:00,382.2199999999997,383.1299999999997,378.4499999999997,378.90999999999974,861
2026-07-27T15:30:00+00:00,378.90999999999974,379.9999999999997,376.1999999999997,379.6299999999997,908
2026-07-27T16:00:00+00:00,379.6299999999997,381.9299999999997,378.3799999999997,381.91999999999973,953
2026-07-27T16:30:00+00:00,381.91999999999973,383.15999999999974,379.5299999999997,380.2099999999997,744
2026-07-27T17:00:00+00:00,380.2099999999997,380.2099999999997,377.6199999999997,377.9899999999997,853
2026-07-27T17:30:00+00:00,377.9899999999997,380.09999999999974,377.9699999999997,379.82999999999976,925.1909482573288
2026-07-27T18:00:00+00:00,379.82999999999976,380.9399999999997,379.18999999999966,379.99999999999966,628.0747786290304
2026-07-27T18:30:00+00:00,379.99999999999966,382.08999999999963,378.68999999999966,382.00999999999965,938
2026-07-27T19:00:00+00:00,382.00999999999965,384.4199999999997,381.82999999999964,384.31999999999965,1187
2026-07-27T19:30:00+00:00,384.31999999999965,384.7299999999997,381.95999999999964,383.31999999999965,2797
2026-07-28T13:30:00+00:00,383.31999999999965,383.31999999999965,371.51999999999964,375.3499999999996,1613
2026-07-28T14:00:00+00:00,375.3499999999996,380.1599999999996,373.2899999999996,376.0399999999996,1647
2026-07-28T14:30:00+00:00,376.0399999999996,380.55999999999966,374.83999999999963,378.20999999999964,2023
2026-07-28T15:00:00+00:00,378.20999999999964,382.74999999999966,377.18999999999966,380.39999999999964,1769
2026-07-28T15:30:00+00:00,380.39999999999964,385.69999999999965,379.8499999999996,383.4799999999997,1558
2026-07-28T16:00:00+00:00,383.4799999999997,384.71999999999963,381.33999999999963,381.51999999999964,1284
2026-07-28T16:30:00+00:00,381.51999999999964,384.45999999999964,379.77999999999963,383.57999999999964,1094
2026-07-28T17:00:00+00:00,383.57999999999964,383.8499999999996,380.4099999999996,380.75999999999965,883
2026-07-28T17:30:00+00:00,380.75999999999965,381.51999999999964,378.99999999999966,379.52999999999963,883
2026-07-28T18:00:00+00:00,379.52999999999963,379.9799999999997,378.99999999999966,379.5399999999996,996
2026-07-28T18:30:00+00:00,379.5399999999996,381.70999999999964,379.2899999999996,381.58999999999963,1062
2026-07-28T19:00:00+00:00,381.58999999999963,385.23999999999967,381.58999999999963,385.01999999999964,1218
2026-07-28T19:30:00+00:00,385.01999999999964,385.8599999999997,380.5399999999996,380.61999999999966,3029
2026-07-29T13:30:00+00:00,380.61999999999966,381.27999999999963,375.86999999999966,377.37999999999965,931
2026-07-29T14:00:00+00:00,377.37999999999965,380.7899999999996,374.81999999999965,375.48999999999967,960
2026-07-29T14:30:00+00:00,375.48999999999967,377.30999999999966,373.43999999999966,376.82999999999964,1269
2026-07-29T15:00:00+00:00,376.82999999999964,378.19999999999965,372.44999999999965,372.4799999999997,1627
2026-07-29T15:30:00+00:00,372.4799999999997,373.3599999999997,370.8499999999996,371.95999999999964,1900
2026-07-29T16:00:00+00:00,371.95999999999964,373.68999999999966,369.68999999999966,373.49999999999966,1878
2026-07-29T16:30:00+00:00,373.49999999999966,374.98999999999967,372.80999999999966,374.87999999999965,1826
2026-07-29T17:00:00+00:00,374.87999999999965,378.13999999999965,374.52999999999963,375.95999999999964,1476
2026-07-29T17:30:00+00:00,375.95999999999964,377.7299999999997,375.58999999999963,377.55999999999966,1252
2026-07-29T18:00:00+00:00,377.55999999999966,380.87999999999965,376.7899999999996,378.18999999999966,1533
2026-07-29T18:30:00+00:00,378.18999999999966,384.71999999999963,376.93999999999966,384.50999999999965,1673
2026-07-29T19:00:00+00:00,384.50999999999965,386.21999999999963,377.94999999999965,379.89999999999964,1927
2026-07-29T19:30:00+00:00,379.89999999999964,381.08999999999963,370.1699999999997,370.26999999999964,4328
2026-07-30T13:30:00+00:00,370.26999999999964,386.36999999999966,370.26999999999964,386.2299999999997,1673
2026-07-30T14:00:00+00:00,386.2299999999997,388.37999999999965,382.9199999999997,387.38999999999965,1667
2026-07-30T14:30:00+00:00,387.38999999999965,388.02999999999963,382.13999999999965,383.43999999999966,1443
2026-07-30T15:00:00+00:00,383.43999999999966,386.1599999999996,382.43999999999966,383.7299999999997,1252
2026-07-30T15:30:00+00:00,383.7299999999997,384.44999999999965,382.07999999999964,383.6699999999997,1118
2026-07-30T16:00:00+00:00,383.6699999999997,388.04999999999967,383.21999999999963,387.04999999999967,1406
2026-07-30T16:30:00+00:00,387.04999999999967,387.39999999999964,383.88999999999965,384.9099999999996,1665
2026-07-30T17:00:00+00:00,384.9099999999996,386.92999999999967,384.67999999999967,385.9199999999997,1265
2026-07-30T17:30:00+00:00,385.9199999999997,386.45999999999964,384.69999999999965,385.56999999999965,1282
2026-07-30T18:00:00+00:00,385.56999999999965,387.3599999999997,385.23999999999967,386.58999999999963,942
2026-07-30T18:30:00+00:00,386.58999999999963,386.62999999999965,385.31999999999965,386.14999999999964,943
2026-07-30T19:00:00+00:00,386.14999999999964,388.51999999999964,386.01999999999964,387.42999999999967,1967
2026-07-30T19:30:00+00:00,387.42999999999967,388.57999999999964,386.68999999999966,388.23999999999967,2974
2026-07-31T13:30:00+00:00,388.23999999999967,399.86999999999966,383.44999999999965,386.7299999999997,1555
2026-07-31T14:00:00+00:00,386.7299999999997,386.96999999999963,379.88999999999965,382.87999999999965,1474
2026-07-31T14:30:00+00:00,382.87999999999965,389.2299999999997,382.70999999999964,387.87999999999965,1181
2026-07-31T15:00:00+00:00,387.87999999999965,388.4099999999996,382.61999999999966,384.0999999999996,1027
2026-07-31T15:30:00+00:00,384.0999999999996,387.83999999999963,383.7299999999997,385.69999999999965,1206
2026-07-31T16:00:00+00:00,385.69999999999965,388.08999999999963,384.52999999999963,388.08999999999963,1328
2026-07-31T16:30:00+00:00,388.08999999999963,388.9099999999996,386.67999999999967,387.9099999999996,728
2026-07-31T17:00:00+00:00,387.9099999999996,390.57999999999964,387.73999999999967,390.2299999999997,1046
2026-07-31T17:30:00+00:00,390.2299999999997,390.71999999999963,388.18999999999966,388.7899999999996,890
2026-07-31T18:00:00+00:00,388.7899999999996,388.8599999999997,387.32999999999964,388.6599999999996,1037
2026-07-31T18:30:00+00:00,388.6599999999996,389.6099999999997,387.98999999999967,388.55999999999966,1001
2026-07-31T19:00:00+00:00,388.55999999999966,389.1699999999997,386.9099999999996,388.4799999999997,1128
2026-07-31T19:30:00+00:00,388.4799999999997,391.32999999999964,387.75999999999965,389.1599999999996,2460
2026-08-03T13:30:00+00:00,389.1599999999996,389.1599999999996,374.79999999999967,380.05999999999966,2526
2026-08-03T14:00:00+00:00,380.05999999999966,383.0399999999996,376.68999999999966,381.57999999999964,2257
2026-08-03T14:30:00+00:00,381.57999999999964,388.61999999999966,381.00999999999965,387.89999999999964,2096
2026-08-03T15:00:00+00:00,387.89999999999964,389.43999999999966,386.96999999999963,386.98999999999967,1832
2026-08-03T15:30:00+00:00,386.98999999999967,389.33999999999963,386.82999999999964,388.50999999999965,1805
2026-08-03T16:00:00+00:00,388.50999999999965,389.86999999999966,387.93999999999966,388.87999999999965,1944
2026-08-03T16:30:00+00:00,388.87999999999965,389.14999999999964,387.56999999999965,388.27999999999963,1830
2026-08-03T17:00:00+00:00,388.27999999999963,390.33999999999963,388.19999999999965,389.68999999999966,1530
2026-08-03T17:30:00+00:00,389.68999999999966,390.74999999999966,389.00999999999965,390.39999999999964,1338
2026-08-03T18:00:00+00:00,390.39999999999964,392.55999999999966,390.19999999999965,390.29999999999967,1847
2026-08-03T18:30:00+00:00,390.29999999999967,392.69999999999965,390.29999999999967,391.39999999999964,1673
2026-08-03T19:00:00+00:00,391.39999999999964,392.3599999999997,390.8499999999996,391.32999999999964,1655
2026-08-03T19:30:00+00:00,391.32999999999964,392.71999999999963,390.68999999999966,392.1699999999997,2617
2026-08-04T13:30:00+00:00,392.1699999999997,412.51999999999964,392.1699999999997,409.29999999999967,3001
2026-08-04T14:00:00+00:00,409.29999999999967,412.32999999999964,407.68999999999966,411.9199999999997,3182
2026-08-04T14:30:00+00:00,411.9199999999997,413.1099999999997,409.07999999999964,410.0999999999996,2519
2026-08-04T15:00:00+00:00,410.0999999999996,414.2899999999996,409.29999999999967,412.57999999999964,2164
2026-08-04T15:30:00+00:00,412.57999999999964,416.6099999999997,412.45999999999964,416.21999999999963,2457
2026-08-04T16:00:00+00:00,416.21999999999963,416.75999999999965,415.2899999999996,415.79999999999967,2026
2026-08-04T16:30:00+00:00,415.79999999999967,416.82999999999964,415.5399999999996,416.67999999999967,1704
2026-08-04T17:00:00+00:00,416.67999999999967,419.51999999999964,416.62999999999965,419.2899999999996,2005
2026-08-04T17:30:00+00:00,419.2899999999996,422.17999999999967,418.7899999999996,421.51999999999964,2379
2026-08-04T18:00:00+00:00,421.51999999999964,421.8599999999997,420.27999999999963,421.49999999999966,2276
2026-08-04T18:30:00+00:00,421.49999999999966,421.94999999999965,419.98999999999967,420.20999999999964,1979
2026-08-04T19:00:00+00:00,420.20999999999964,422.12999999999965,420.20999999999964,420.55999999999966,2719
2026-08-04T19:30:00+00:00,420.55999999999966,420.8599999999997,417.8499999999996,418.4199999999997,4187
2026-08-05T13:30:00+00:00,418.4199999999997,426.93999999999966,418.4199999999997,422.32999999999964,1331
2026-08-05T14:00:00+00:00,422.32999999999964,424.27999999999963,420.18999999999966,421.89999999999964,1205
2026-08-05T14:30:00+00:00,421.89999999999964,421.9799999999997,418.89999999999964,420.6699999999996,1541.0627490039842
2026-08-05T15:00:00+00:00,420.6699999999996,421.45999999999964,419.19999999999965,420.0999999999996,1243
2026-08-05T15:30:00+00:00,420.0999999999996,422.81999999999965,418.58999999999963,418.9199999999996,982
2026-08-05T16:00:00+00:00,418.9199999999996,421.31999999999965,418.4899999999996,421.2999999999996,859
2026-08-05T16:30:00+00:00,421.2999999999996,422.45999999999964,420.08999999999963,421.4899999999996,1092
2026-08-05T17:00:00+00:00,421.4899999999996,421.77999999999963,419.7499999999996,420.06999999999965,1024
2026-08-05T17:30:00+00:00,420.06999999999965,421.2499999999996,419.7399999999996,420.9899999999996,953
2026-08-05T18:00:00+00:00,420.9899999999996,422.0399999999996,420.6599999999996,421.6899999999996,1074
2026-08-05T18:30:00+00:00,421.6899999999996,422.0999999999996,420.63999999999965,421.3499999999996,1122
2026-08-05T19:00:00+00:00,421.3499999999996,423.00999999999965,421.33999999999963,422.57999999999964,1232
2026-08-05T19:30:00+00:00,422.57999999999964,422.95999999999964,417.46999999999963,418.71999999999963,2438
2026-08-06T13:30:00+00:00,418.71999999999963,420.69999999999965,411.1599999999996,419.6599999999996,733
2026-08-06T14:00:00+00:00,419.6599999999996,427.81999999999965,418.52999999999963,424.2299999999996,1457
2026-08-06T14:30:00+00:00,424.2299999999996,425.87999999999965,422.5399999999996,425.37999999999965,1075
2026-08-06T15:00:00+00:00,425.37999999999965,425.58999999999963,423.33999999999963,424.1799999999996,1143
2026-08-06T15:30:00+00:00,424.1799999999996,425.08999999999963,422.4199999999996,422.82999999999964,949
2026-08-06T16:00:00+00:00,422.82999999999964,424.1699999999996,421.0999999999996,421.69999999999965,850
2026-08-06T16:30:00+00:00,421.69999999999965,424.9099999999996,421.2999999999996,424.88999999999965,958
2026-08-06T17:00:00+00:00,424.88999999999965,425.4199999999996,423.96999999999963,424.2899999999996,879
2026-08-06T17:30:00+00:00,424.2899999999996,424.8099999999996,423.33999999999963,424.58999999999963,1162
2026-08-06T18:00:00+00:00,424.58999999999963,425.13999999999965,423.20999999999964,424.50999999999965,1066
2026-08-06T18:30:00+00:00,424.50999999999965,424.50999999999965,422.4399999999996,422.6599999999996,1023
2026-08-06T19:00:00+00:00,422.6599999999996,424.13999999999965,421.9899999999996,422.07999999999964,1450
2026-08-06T19:30:00+00:00,422.07999999999964,423.07999999999964,420.33999999999963,420.6799999999996,2468
2026-08-07T13:30:00+00:00,420.6799999999996,431.13999999999965,420.6799999999996,425.19999999999965,866
2026-08-07T14:00:00+00:00,425.19999999999965,428.07999999999964,421.83999999999963,427.13999999999965,730
2026-08-07T14:30:00+00:00,427.13999999999965,427.13999999999965,424.5599999999996,425.27999999999963,901
2026-08-07T15:00:00+00:00,425.27999999999963,426.26999999999964,424.3499999999996,425.4099999999996,1201
2026-08-07T15:30:00+00:00,425.4099999999996,426.5399999999996,424.58999999999963,425.64999999999964,1088
2026-08-07T16:00:00+00:00,425.64999999999964,426.00999999999965,422.83999999999963,423.3099999999996,1128
2026-08-07T16:30:00+00:00,423.3099999999996,424.8099999999996,422.20999999999964,424.44999999999965,1061
2026-08-07T17:00:00+00:00,424.44999999999965,425.9999999999996,424.0499999999996,425.02999999999963,1411
2026-08-07T17:30:00+00:00,425.02999999999963,425.4199999999996,424.3599999999996,425.0399999999996,884
2026-08-07T18:00:00+00:00,425.0399999999996,425.2499999999996,424.3599999999996,424.44999999999965,960
2026-08-07T18:30:00+00:00,424.44999999999965,426.1899999999996,424.33999999999963,425.96999999999963,1099
2026-08-07T19:00:00+00:00,425.96999999999963,427.9999999999996,425.9299999999996,426.77999999999963,1528
2026-08-07T19:30:00+00:00,426.77999999999963,428.64999999999964,425.5599999999996,427.8499999999996,2446
2026-08-10T13:30:00+00:00,427.8499999999996,432.27999999999963,427.5999999999996,428.9799999999996,1044
2026-08-10T14:00:00+00:00,428.9799999999996,432.9899999999996,428.57999999999964,430.7499999999996,1339
2026-08-10T14:30:00+00:00,430.7499999999996,431.52999999999963,426.2399999999996,426.2599999999996,1098
2026-08-10T15:00:00+00:00,426.2599999999996,427.8199999999996,424.8099999999996,425.5099999999996,1435
2026-08-10T15:30:00+00:00,425.5099999999996,427.83999999999963,424.8099999999996,427.4799999999996,1072
2026-08-10T16:00:00+00:00,427.4799999999996,427.7299999999996,425.8099999999996,425.8199999999996,986
2026-08-10T16:30:00+00:00,425.8199999999996,425.82999999999964,420.64999999999964,422.02999999999963,1399
2026-08-10T17:00:00+00:00,422.02999999999963,424.4299999999996,421.9099999999996,423.3599999999996,1061
2026-08-10T17:30:00+00:00,423.3599999999996,424.1199999999996,422.8499999999996,423.83999999999963,838
2026-08-10T18:00:00+00:00,423.83999999999963,424.77999999999963,423.4299999999996,424.0599999999996,837
2026-08-10T18:30:00+00:00,424.0599999999996,425.1099999999996,423.7899999999996,424.7599999999996,905
2026-08-10T19:00:00+00:00,424.7599999999996,425.4299999999996,424.5699999999996,425.0699999999996,1209
2026-08-10T19:30:00+00:00,425.0699999999996,425.3699999999996,422.07999999999964,423.27999999999963,2813
2026-08-11T13:30:00+00:00,423.27999999999963,425.52999999999963,418.4099999999996,420.69999999999965,804
2026-08-11T14:00:00+00:00,420.69999999999965,422.9799999999996,419.9299999999996,422.8199999999996,960
2026-08-11T14:30:00+00:00,422.8199999999996,423.2899999999996,421.52999999999963,422.6299999999996,794
2026-08-11T15:00:00+00:00,422.6299999999996,423.1199999999996,420.5999999999996,420.88999999999965,933
2026-08-11T15:30:00+00:00,420.88999999999965,421.1099999999996,419.2599999999996,419.70999999999964,801
2026-08-11T16:00:00+00:00,419.70999999999964,420.44999999999965,419.07999999999964,419.45999999999964,859
2026-08-11T16:30:00+00:00,419.45999999999964,420.01999999999964,418.5699999999996,419.1099999999996,780
2026-08-11T17:00:00+00:00,419.1099999999996,419.3599999999996,418.1199999999996,418.4199999999996,839
2026-08-11T17:30:00+00:00,418.4199999999996,418.64999999999964,417.7499999999996,418.2299999999996,1083
2026-08-11T18:00:00+00:00,418.2299999999996,418.38999999999965,414.8199999999996,414.9299999999996,1293
2026-08-11T18:30:00+00:00,414.9299999999996,415.4199999999996,413.6099999999996,414.64999999999964,1165
2026-08-11T19:00:00+00:00,414.64999999999964,414.82999999999964,413.7599999999996,414.2299999999996,1227
2026-08-11T19:30:00+00:00,414.2299999999996,416.89999999999964,414.2299999999996,416.21999999999963,1802
2026-08-12T13:30:00+00:00,416.21999999999963,426.4199999999996,416.21999999999963,421.88999999999965,856
2026-08-12T14:00:00+00:00,421.88999999999965,424.83999999999963,420.7399999999996,423.0699999999996,866
2026-08-12T14:30:00+00:00,423.0699999999996,423.1599999999996,420.4399999999996,422.4999999999996,980.7618373128288
2026-08-12T15:00:00+00:00,422.4999999999996,422.4999999999996,418.40999999999957,419.28999999999957,1020
2026-08-12T15:30:00+00:00,419.28999999999957,420.15999999999957,418.7799999999996,419.3799999999996,825
2026-08-12T16:00:00+00:00,419.3799999999996,419.9499999999996,418.5799999999996,419.2099999999996,840
2026-08-12T16:30:00+00:00,419.2099999999996,419.8999999999996,418.8999999999996,419.2499999999996,846
2026-08-12T17:00:00+00:00,419.2499999999996,419.8699999999996,418.5599999999996,418.72999999999956,884
2026-08-12T17:30:00+00:00,418.72999999999956,419.17999999999955,418.6299999999996,418.65999999999957,1137
2026-08-12T18:00:00+00:00,418.65999999999957,418.6899999999996,417.10999999999956,417.91999999999956,1069
2026-08-12T18:30:00+00:00,417.91999999999956,418.29999999999956,416.6999999999996,416.72999999999956,915
2026-08-12T19:00:00+00:00,416.72999999999956,417.92999999999955,415.59999999999957,415.59999999999957,1119
2026-08-12T19:30:00+00:00,415.59999999999957,416.29999999999956,414.5799999999996,415.92999999999955,2282
2026-08-13T13:30:00+00:00,415.92999999999955,424.9499999999996,411.59999999999957,424.4399999999996,1778
2026-08-13T14:00:00+00:00,424.4399999999996,424.4999999999996,420.8099999999996,422.84999999999957,1576
2026-08-13T14:30:00+00:00,422.84999999999957,424.5099999999996,422.7499999999996,423.5799999999996,1390
2026-08-13T15:00:00+00:00,423.5799999999996,424.42999999999955,422.67999999999955,422.8299999999996,1422
2026-08-13T15:30:00+00:00,422.8299999999996,423.4999999999996,421.0799999999996,421.5899999999996,1494
2026-08-13T16:00:00+00:00,421.5899999999996,422.8999999999996,421.0899999999996,422.04999999999956,1176
2026-08-13T16:30:00+00:00,422.04999999999956,422.3399999999996,420.4999999999996,420.6999999999996,1072
2026-08-13T17:00:00+00:00,420.6999999999996,422.6299999999996,420.6999999999996,421.8199999999996,1079
2026-08-13T17:30:00+00:00,421.8199999999996,422.2099999999996,420.1899999999996,420.22999999999956,1078
2026-08-13T18:00:00+00:00,420.22999999999956,420.6399999999996,419.3399999999996,419.5599999999996,1070
2026-08-13T18:30:00+00:00,419.5599999999996,422.1299999999996,419.5099999999996,420.78999999999957,1296
2026-08-13T19:00:00+00:00,420.78999999999957,421.67999999999955,419.54999999999956,419.54999999999956,1388
2026-08-13T19:30:00+00:00,419.54999999999956,419.7599999999996,417.0799999999996,417.90999999999957,2518
2026-08-14T13:30:00+00:00,417.90999999999957,417.90999999999957,397.6499999999996,399.9399999999996,2496
2026-08-14T14:00:00+00:00,399.9399999999996,401.8299999999996,395.1999999999996,397.0799999999996,2808
2026-08-14T14:30:00+00:00,397.0799999999996,399.4999999999996,396.2799999999995,396.2799999999995,2393.5801858809573
2026-08-14T15:00:00+00:00,396.2799999999995,396.5299999999995,392.94999999999953,394.0599999999995,2930
2026-08-14T15:30:00+00:00,394.0599999999995,394.9299999999995,392.9799999999995,394.7199999999995,2236
2026-08-14T16:00:00+00:00,394.7199999999995,395.9899999999995,394.3799999999995,394.8499999999995,1906
2026-08-14T16:30:00+00:00,394.8499999999995,395.0399999999995,393.0399999999995,393.0699999999995,1963
2026-08-14T17:00:00+00:00,393.0699999999995,393.5999999999995,390.5099999999995,390.6799999999995,2350
2026-08-14T17:30:00+00:00,390.6799999999995,391.8799999999995,389.1699999999995,389.69999999999953,2050
2026-08-14T18:00:00+00:00,389.69999999999953,389.9799999999995,388.6699999999995,389.2799999999995,2197
2026-08-14T18:30:00+00:00,389.2799999999995,391.0299999999995,389.1599999999995,389.7499999999995,1937
2026-08-14T19:00:00+00:00,389.7499999999995,392.6899999999995,389.5999999999995,392.5099999999995,2173
2026-08-14T19:30:00+00:00,392.5099999999995,394.1899999999995,392.0099999999995,393.13999999999953,3472
2026-08-17T13:30:00+00:00,393.13999999999953,397.94999999999953,392.1699999999995,393.4799999999995,1539
2026-08-17T14:00:00+00:00,393.4799999999995,395.7799999999995,392.6599999999995,395.63999999999953,2320
2026-08-17T14:30:00+00:00,395.63999999999953,398.2699999999995,394.8399999999995,397.6799999999995,2215
2026-08-17T15:00:00+00:00,397.6799999999995,397.8199999999995,394.2699999999995,394.6599999999995,1944
2026-08-17T15:30:00+00:00,394.6599999999995,399.38999999999953,394.2699999999995,398.6799999999995,1676
2026-08-17T16:00:00+00:00,398.6799999999995,398.7899999999995,396.19999999999953,397.13999999999953,1371
2026-08-17T16:30:00+00:00,397.13999999999953,398.2599999999995,396.2599999999995,397.82999999999953,1244
2026-08-17T17:00:00+00:00,397.82999999999953,397.9199999999995,395.9699999999995,396.9199999999995,1350
2026-08-17T17:30:00+00:00,396.9199999999995,397.5099999999995,395.2499999999995,395.2499999999995,1257
2026-08-17T18:00:00+00:00,395.2499999999995,395.4399999999995,394.0499999999995,394.3999999999995,1279
2026-08-17T18:30:00+00:00,394.3999999999995,394.63999999999953,393.5199999999995,394.0399999999995,1259
2026-08-17T19:00:00+00:00,394.0399999999995,394.07999999999953,392.9599999999995,393.0099999999995,1527
2026-08-17T19:30:00+00:00,393.0099999999995,393.8399999999995,391.6199999999995,392.1599999999995,2745
2026-08-18T13:30:00+00:00,392.1599999999995,392.1599999999995,378.4799999999995,379.5999999999995,2722
2026-08-18T14:00:00+00:00,379.5999999999995,380.38999999999953,377.1699999999995,378.9599999999995,3032
2026-08-18T14:30:00+00:00,378.9599999999995,380.0299999999995,378.2799999999995,378.4799999999995,3017
2026-08-18T15:00:00+00:00,378.4799999999995,380.0999999999995,377.1699999999995,379.8099999999995,2614
2026-08-18T15:30:00+00:00,379.8099999999995,381.8699999999995,379.6299999999995,381.6599999999995,1894
2026-08-18T16:00:00+00:00,381.6599999999995,381.8099999999995,380.4399999999995,380.6799999999995,1855
2026-08-18T16:30:00+00:00,380.6799999999995,381.69999999999953,380.5399999999995,381.0999999999995,1738
2026-08-18T17:00:00+00:00,381.0999999999995,381.6199999999995,380.6599999999995,381.6199999999995,1560
2026-08-18T17:30:00+00:00,381.6199999999995,381.6699999999995,380.1699999999995,380.1899999999995,1397
2026-08-18T18:00:00+00:00,380.1899999999995,381.2199999999995,379.8099999999995,379.8199999999995,1805
2026-08-18T18:30:00+00:00,379.8199999999995,380.3199999999995,378.5599999999995,378.88999999999953,1673
2026-08-18T19:00:00+00:00,378.88999999999953,379.8499999999995,378.6699999999995,379.4599999999995,1931
2026-08-18T19:30:00+00:00,379.4599999999995,380.3699999999995,378.3999999999995,380.2899999999995,3362
2026-08-19T13:30:00+00:00,380.2899999999995,380.2899999999995,359.88999999999953,362.2999999999995,3793
2026-08-19T14:00:00+00:00,362.2999999999995,362.4199999999995,358.0199999999995,359.69999999999953,3950
2026-08-19T14:30:00+00:00,359.69999999999953,362.3499999999995,357.8099999999995,361.87999999999954,3097.568946627015
2026-08-19T15:00:00+00:00,361.87999999999954,362.7299999999995,360.24999999999955,362.54999999999956,2545
2026-08-19T15:30:00+00:00,362.54999999999956,363.4099999999995,361.0999999999995,363.07999999999953,2258
2026-08-19T16:00:00+00:00,363.07999999999953,365.5399999999995,362.7099999999995,365.12999999999954,2101
2026-08-19T16:30:00+00:00,365.12999999999954,365.44999999999953,362.92999999999955,363.69999999999953,1850
2026-08-19T17:00:00+00:00,363.69999999999953,365.2299999999995,363.5399999999995,364.36999999999955,1775
2026-08-19T17:30:00+00:00,364.36999999999955,365.12999999999954,363.68999999999954,363.8499999999995,1661
2026-08-19T18:00:00+00:00,363.8499999999995,364.55999999999955,362.12999999999954,363.54999999999956,1964
2026-08-19T18:30:00+00:00,363.54999999999956,365.82999999999953,363.5399999999995,364.23999999999955,1702
2026-08-19T19:00:00+00:00,364.23999999999955,365.31999999999954,363.87999999999954,363.93999999999954,1552
2026-08-19T19:30:00+00:00,363.93999999999954,364.63999999999953,361.32999999999953,362.48999999999955,3274
2026-08-20T13:30:00+00:00,362.48999999999955,367.06999999999954,362.48999999999955,363.35999999999956,1975
2026-08-20T14:00:00+00:00,363.35999999999956,366.2899999999995,362.3499999999995,365.8499999999995,2238
2026-08-20T14:30:00+00:00,365.8499999999995,366.82999999999953,365.2299999999995,365.92999999999955,2796
2026-08-20T15:00:00+00:00,365.92999999999955,366.4699999999995,363.2899999999995,363.74999999999955,2099
2026-08-20T15:30:00+00:00,363.74999999999955,364.25999999999954,362.9799999999995,363.80999999999955,1665
2026-08-20T16:00:00+00:00,363.80999999999955,364.50999999999954,363.2199999999995,363.9099999999995,1238
2026-08-20T16:30:00+00:00,363.9099999999995,364.61999999999955,362.85999999999956,364.06999999999954,1629
2026-08-20T17:00:00+00:00,364.06999999999954,364.06999999999954,362.82999999999953,363.0199999999995,1545
2026-08-20T17:30:00+00:00,363.0199999999995,365.50999999999954,362.9599999999995,365.2199999999995,1248
2026-08-20T18:00:00+00:00,365.2199999999995,366.24999999999955,364.6499999999995,365.43999999999954,1562
2026-08-20T18:30:00+00:00,365.43999999999954,365.60999999999956,363.37999999999954,363.54999999999956,1703
2026-08-20T19:00:00+00:00,363.54999999999956,365.12999999999954,363.3399999999995,364.6499999999995,1637
2026-08-20T19:30:00+00:00,364.6499999999995,365.31999999999954,362.43999999999954,364.2199999999995,2796
2026-08-21T13:30:00+00:00,364.2199999999995,375.12999999999954,364.2199999999995,366.6499999999995,3061
2026-08-21T14:00:00+00:00,366.6499999999995,369.2199999999995,365.3499999999995,368.35999999999956,2139
2026-08-21T14:30:00+00:00,368.35999999999956,369.11999999999955,366.8399999999995,367.0899999999995,1836
2026-08-21T15:00:00+00:00,367.0899999999995,368.4599999999995,366.74999999999955,368.4599999999995,1665
2026-08-21T15:30:00+00:00,368.4599999999995,369.5999999999995,368.12999999999954,368.18999999999954,1614
2026-08-21T16:00:00+00:00,368.18999999999954,368.36999999999955,367.13999999999953,367.5199999999995,1572
2026-08-21T16:30:00+00:00,367.5199999999995,367.93999999999954,365.92999999999955,366.4599999999995,1382
2026-08-21T17:00:00+00:00,366.4599999999995,367.00999999999954,365.1599999999995,365.6499999999995,1369
2026-08-21T17:30:00+00:00,365.6499999999995,366.92999999999955,365.3399999999995,366.7899999999995,1404
2026-08-21T18:00:00+00:00,366.7899999999995,367.19999999999953,365.3399999999995,365.3399999999995,1298
2026-08-21T18:30:00+00:00,365.3399999999995,367.16999999999956,365.23999999999955,366.9799999999995,1272
2026-08-21T19:00:00+00:00,366.9799999999995,368.10999999999956,366.8399999999995,367.8399999999995,1285
2026-08-21T19:30:00+00:00,367.8399999999995,369.0199999999995,366.62999999999954,368.5999999999995,2749
2026-08-24T13:30:00+00:00,368.5999999999995,368.5999999999995,360.67999999999955,363.23999999999955,2171
2026-08-24T14:00:00+00:00,363.23999999999955,363.4099999999995,361.5299999999995,361.66999999999956,1994
2026-08-24T14:30:00+00:00,361.66999999999956,363.7699999999995,361.44999999999953,361.5299999999995,1752
2026-08-24T15:00:00+00:00,361.5299999999995,362.41999999999956,361.2299999999995,362.2699999999995,1691
2026-08-24T15:30:00+00:00,362.2699999999995,362.55999999999955,361.2799999999995,361.93999999999954,1726
2026-08-24T16:00:00+00:00,361.93999999999954,363.61999999999955,361.62999999999954,362.4699999999995,1558
2026-08-24T16:30:00+00:00,362.4699999999995,362.56999999999954,360.62999999999954,360.7699999999995,1395
2026-08-24T17:00:00+00:00,360.7699999999995,362.04999999999956,360.50999999999954,360.5999999999995,1573
2026-08-24T17:30:00+00:00,360.5999999999995,361.24999999999955,360.1599999999995,360.1599999999995,1396
2026-08-24T18:00:00+00:00,360.1599999999995,361.82999999999953,359.6599999999995,361.63999999999953,1669
2026-08-24T18:30:00+00:00,361.63999999999953,362.13999999999953,360.88999999999953,360.9599999999995,1382
2026-08-24T19:00:00+00:00,360.9599999999995,361.37999999999954,360.5399999999995,360.5399999999995,1699
2026-08-24T19:30:00+00:00,360.5399999999995,360.85999999999956,358.75999999999954,358.85999999999956,2998
2026-08-25T13:30:00+00:00,358.85999999999956,362.92999999999955,358.85999999999956,359.2799999999995,1733
2026-08-25T14:00:00+00:00,359.2799999999995,361.17999999999955,356.7299999999995,357.81999999999954,2144
2026-08-25T14:30:00+00:00,357.81999999999954,360.24999999999955,356.2199999999995,359.8499999999995,2016
2026-08-25T15:00:00+00:00,359.8499999999995,360.80999999999955,358.9099999999995,360.68999999999954,1586
2026-08-25T15:30:00+00:00,360.68999999999954,361.67999999999955,360.4799999999995,360.75999999999954,2007
2026-08-25T16:00:00+00:00,360.75999999999954,361.5199999999995,359.62999999999954,359.91999999999956,1279
2026-08-25T16:30:00+00:00,359.91999999999956,359.99999999999955,358.3399999999995,359.12999999999954,1347
2026-08-25T17:00:00+00:00,359.12999999999954,359.19999999999953,357.42999999999955,357.42999999999955,1321
2026-08-25T17:30:00+00:00,357.42999999999955,357.81999999999954,356.85999999999956,357.1599999999995,1471
2026-08-25T18:00:00+00:00,357.1599999999995,357.4799999999995,356.0299999999995,356.07999999999953,1433
2026-08-25T18:30:00+00:00,356.07999999999953,357.7699999999995,356.05999999999955,356.7199999999995,1522
2026-08-25T19:00:00+00:00,356.7199999999995,357.1899999999995,355.3999999999995,356.4799999999995,1897
2026-08-25T19:30:00+00:00,356.4799999999995,356.9299999999995,355.6199999999995,356.5599999999995,2812
2026-08-26T13:30:00+00:00,356.5599999999995,359.38999999999953,353.9099999999995,354.6999999999995,2089
2026-08-26T14:00:00+00:00,354.6999999999995,354.7099999999995,350.7999999999995,351.6899999999995,2778
2026-08-26T14:30:00+00:00,351.6899999999995,353.4499999999995,351.5599999999995,352.5199999999995,1719
2026-08-26T15:00:00+00:00,352.5199999999995,353.5299999999995,351.2099999999995,351.5599999999995,1683
2026-08-26T15:30:00+00:00,351.5599999999995,352.6299999999995,350.7899999999995,351.3199999999995,1439
2026-08-26T16:00:00+00:00,351.3199999999995,351.5399999999995,350.1499999999995,350.7699999999995,1519
2026-08-26T16:30:00+00:00,350.7699999999995,351.7099999999995,350.57999999999953,351.5299999999995,1129
2026-08-26T17:00:00+00:00,351.5299999999995,352.9199999999995,351.4999999999995,352.2899999999995,935
2026-08-26T17:30:00+00:00,352.2899999999995,353.2599999999995,352.2399999999995,352.8999999999995,936
2026-08-26T18:00:00+00:00,352.8999999999995,354.2399999999995,352.6199999999995,353.7599999999995,1159
2026-08-26T18:30:00+00:00,353.7599999999995,354.6499999999995,353.7399999999995,354.28999999999957,1095
2026-08-26T19:00:00+00:00,354.28999999999957,355.11999999999955,353.79999999999956,353.88999999999953,1484
2026-08-26T19:30:00+00:00,353.88999999999953,356.36999999999955,353.11999999999955,355.62999999999954,3215
2026-08-27T13:30:00+00:00,355.62999999999954,367.24999999999955,355.62999999999954,364.8999999999995,3124
2026-08-27T14:00:00+00:00,364.8999999999995,369.54999999999956,364.2799999999995,368.62999999999954,2323
2026-08-27T14:30:00+00:00,368.62999999999954,369.30999999999955,366.29999999999956,369.0199999999995,2206
2026-08-27T15:00:00+00:00,369.0199999999995,369.7799999999996,368.2799999999996,369.16999999999956,1840
2026-08-27T15:30:00+00:00,369.16999999999956,369.5299999999996,367.0799999999996,368.68999999999954,1467
2026-08-27T16:00:00+00:00,368.68999999999954,369.9499999999996,367.53999999999957,368.8299999999996,1585
2026-08-27T16:30:00+00:00,368.8299999999996,370.11999999999955,368.80999999999955,369.8799999999996,1421
2026-08-27T17:00:00+00:00,369.8799999999996,370.6299999999996,368.8199999999996,369.0099999999996,1304
2026-08-27T17:30:00+00:00,369.0099999999996,369.0699999999996,367.7199999999996,367.85999999999956,1345
2026-08-27T18:00:00+00:00,367.85999999999956,368.2199999999996,367.11999999999955,367.2199999999996,1358
2026-08-27T18:30:00+00:00,367.2199999999996,369.1399999999996,367.2199999999996,368.8799999999996,1711
2026-08-27T19:00:00+00:00,368.8799999999996,369.8999999999996,368.7599999999996,368.9499999999996,1676
2026-08-27T19:30:00+00:00,368.9499999999996,371.79999999999956,368.8299999999996,371.5299999999996,3339
2026-08-28T13:30:00+00:00,371.5299999999996,376.65999999999957,371.5299999999996,373.5199999999996,1475
2026-08-28T14:00:00+00:00,373.5199999999996,374.30999999999955,370.34999999999957,372.22999999999956,1637
2026-08-28T14:30:00+00:00,372.22999999999956,373.6399999999996,371.7099999999996,372.9499999999996,1739
2026-08-28T15:00:00+00:00,372.9499999999996,374.1399999999996,371.9599999999996,373.28999999999957,1389
2026-08-28T15:30:00+00:00,373.28999999999957,374.2199999999996,367.34999999999957,367.4499999999996,2042
2026-08-28T16:00:00+00:00,367.4499999999996,368.2599999999996,365.90999999999957,366.3899999999996,1840
2026-08-28T16:30:00+00:00,366.3899999999996,367.8899999999996,365.7599999999996,366.6899999999996,1158
2026-08-28T17:00:00+00:00,366.6899999999996,367.09999999999957,365.5799999999996,366.5099999999996,1305
2026-08-28T17:30:00+00:00,366.5099999999996,368.7599999999996,366.3799999999996,368.34999999999957,1153
2026-08-28T18:00:00+00:00,368.34999999999957,369.09999999999957,367.90999999999957,368.8299999999996,1262
2026-08-28T18:30:00+00:00,368.8299999999996,369.0799999999996,366.90999999999957,367.15999999999957,1425
2026-08-28T19:00:00+00:00,367.15999999999957,369.03999999999957,366.79999999999956,368.9599999999996,1657
2026-08-28T19:30:00+00:00,368.9599999999996,369.7599999999996,368.2099999999996,368.8199999999996,2530
2026-08-31T13:30:00+00:00,368.8199999999996,372.55999999999955,366.4999999999996,368.92999999999955,2095
2026-08-31T14:00:00+00:00,368.92999999999955,369.4999999999996,367.7099999999996,368.0799999999996,2161
2026-08-31T14:30:00+00:00,368.0799999999996,368.9499999999996,367.5799999999996,368.1499999999996,1708
2026-08-31T15:00:00+00:00,368.1499999999996,368.61999999999955,367.0299999999996,368.3799999999996,1587
2026-08-31T15:30:00+00:00,368.3799999999996,369.03999999999957,368.0299999999996,368.4699999999996,1529
2026-08-31T16:00:00+00:00,368.4699999999996,371.15999999999957,367.9599999999996,371.10999999999956,1612
2026-08-31T16:30:00+00:00,371.10999999999956,371.2099999999996,369.73999999999955,371.04999999999956,1329
2026-08-31T17:00:00+00:00,371.04999999999956,371.09999999999957,369.2099999999996,369.61999999999955,1083
2026-08-31T17:30:00+00:00,369.61999999999955,370.8899999999996,369.42999999999955,370.40999999999957,953
2026-08-31T18:00:00+00:00,370.40999999999957,371.6299999999996,370.40999999999957,371.4399999999996,1048
2026-08-31T18:30:00+00:00,371.4399999999996,372.10999999999956,369.9599999999996,370.0299999999996,1185
2026-08-31T19:00:00+00:00,370.0299999999996,370.3799999999996,369.4499999999996,369.55999999999955,1056
2026-08-31T19:30:00+00:00,369.55999999999955,371.2799999999996,369.3299999999996,370.6899999999996,2757
2026-09-01T13:30:00+00:00,370.6899999999996,370.6899999999996,362.2199999999996,363.22999999999956,1999
2026-09-01T14:00:00+00:00,363.22999999999956,366.0199999999996,362.54999999999956,364.34999999999957,1939
2026-09-01T14:30:00+00:00,364.34999999999957,368.09999999999957,364.34999999999957,366.8999999999996,1952
2026-09-01T15:00:00+00:00,366.8999999999996,369.09999999999957,366.5299999999996,368.9699999999996,1644
2026-09-01T15:30:00+00:00,368.9699999999996,370.59999999999957,368.60999999999956,368.85999999999956,1649
2026-09-01T16:00:00+00:00,368.85999999999956,369.6899999999996,368.48999999999955,368.86999999999955,1542
2026-09-01T16:30:00+00:00,368.86999999999955,371.47999999999956,367.80999999999955,371.2199999999996,1656
2026-09-01T17:00:00+00:00,371.2199999999996,371.2499999999996,368.7099999999996,369.5199999999996,1261
2026-09-01T17:30:00+00:00,369.5199999999996,369.7799999999996,368.53999999999957,369.0199999999996,1047
2026-09-01T18:00:00+00:00,369.0199999999996,369.3399999999996,368.40999999999957,368.60999999999956,1030
2026-09-01T18:30:00+00:00,368.60999999999956,369.2499999999996,367.9599999999996,369.05999999999955,1339
2026-09-01T19:00:00+00:00,369.05999999999955,370.5099999999996,368.80999999999955,370.3799999999996,1478
2026-09-01T19:30:00+00:00,370.3799999999996,370.40999999999957,368.91999999999956,369.7699999999996,2563
